23.07.2019 00:00;0,0
23.07.2019 00:01;0,0
23.07.2019 00:02;0,0
23.07.2019 00:03;0,0
23.07.2019 00:04;0,0
23.07.2019 00:05;0,0
23.07.2019 00:06;0,0
23.07.2019 00:07;0,0
23.07.2019 00:08;0,0
23.07.2019 00:09;0,0
23.07.2019 00:10;0,0
23.07.2019 00:11;0,0
23.07.2019 00:12;0,0
23.07.2019 00:13;0,0
23.07.2019 00:14;0,0
23.07.2019 00:15;0,0
23.07.2019 00:16;0,0
23.07.2019 00:17;0,0
23.07.2019 00:18;0,0
23.07.2019 00:19;0,0
23.07.2019 00:20;0,0
23.07.2019 00:21;0,0
23.07.2019 00:22;0,0
23.07.2019 00:23;0,0
23.07.2019 00:24;0,0
23.07.2019 00:25;0,0
23.07.2019 00:26;0,0
23.07.2019 00:27;0,0
23.07.2019 00:28;0,0
23.07.2019 00:29;0,0
23.07.2019 00:30;0,0
23.07.2019 00:31;0,0
23.07.2019 00:32;0,0
23.07.2019 00:33;0,0
23.07.2019 00:34;0,0
23.07.2019 00:35;0,0
23.07.2019 00:36;0,0
23.07.2019 00:37;0,0
23.07.2019 00:38;0,0
23.07.2019 00:39;0,0
23.07.2019 00:40;0,0
23.07.2019 00:41;0,0
23.07.2019 00:42;0,0
23.07.2019 00:43;0,0
23.07.2019 00:44;0,0
23.07.2019 00:45;0,0
23.07.2019 00:46;0,0
23.07.2019 00:47;0,0
23.07.2019 00:48;0,0
23.07.2019 00:49;0,0
23.07.2019 00:50;0,0
23.07.2019 00:51;0,0
23.07.2019 00:52;0,0
23.07.2019 00:53;0,0
23.07.2019 00:54;0,0
23.07.2019 00:55;0,0
23.07.2019 00:56;0,0
23.07.2019 00:57;0,0
23.07.2019 00:58;0,0
23.07.2019 00:59;0,0
23.07.2019 01:00;0,0
23.07.2019 01:01;0,0
23.07.2019 01:02;0,0
23.07.2019 01:03;0,0
23.07.2019 01:04;0,0
23.07.2019 01:05;0,0
23.07.2019 01:06;0,0
23.07.2019 01:07;0,0
23.07.2019 01:08;0,0
23.07.2019 01:09;0,0
23.07.2019 01:10;0,0
23.07.2019 01:11;0,0
23.07.2019 01:12;0,0
23.07.2019 01:13;0,0
23.07.2019 01:14;0,0
23.07.2019 01:15;0,0
23.07.2019 01:16;0,0
23.07.2019 01:17;0,0
23.07.2019 01:18;0,0
23.07.2019 01:19;0,0
23.07.2019 01:20;0,0
23.07.2019 01:21;0,0
23.07.2019 01:22;0,0
23.07.2019 01:23;0,0
23.07.2019 01:24;0,0
23.07.2019 01:25;0,0
23.07.2019 01:26;0,0
23.07.2019 01:27;0,0
23.07.2019 01:28;0,0
23.07.2019 01:29;0,0
23.07.2019 01:30;0,0
23.07.2019 01:31;0,0
23.07.2019 01:32;0,0
23.07.2019 01:33;0,0
23.07.2019 01:34;0,0
23.07.2019 01:35;0,0
23.07.2019 01:36;0,0
23.07.2019 01:37;0,0
23.07.2019 01:38;0,0
23.07.2019 01:39;0,0
23.07.2019 01:40;0,0
23.07.2019 01:41;0,0
23.07.2019 01:42;0,0
23.07.2019 01:43;0,0
23.07.2019 01:44;0,0
23.07.2019 01:45;0,0
23.07.2019 01:46;0,0
23.07.2019 01:47;0,0
23.07.2019 01:48;0,0
23.07.2019 01:49;0,0
23.07.2019 01:50;0,0
23.07.2019 01:51;0,0
23.07.2019 01:52;0,0
23.07.2019 01:53;0,0
23.07.2019 01:54;0,0
23.07.2019 01:55;0,0
23.07.2019 01:56;0,0
23.07.2019 01:57;0,0
23.07.2019 01:58;0,0
23.07.2019 01:59;0,0
23.07.2019 02:00;0,0
23.07.2019 02:01;0,0
23.07.2019 02:02;0,0
23.07.2019 02:03;0,0
23.07.2019 02:04;0,0
23.07.2019 02:05;0,0
23.07.2019 02:06;0,0
23.07.2019 02:07;0,0
23.07.2019 02:08;0,0
23.07.2019 02:09;0,0
23.07.2019 02:10;0,0
23.07.2019 02:11;0,0
23.07.2019 02:12;0,0
23.07.2019 02:13;0,0
23.07.2019 02:14;0,0
23.07.2019 02:15;0,0
23.07.2019 02:16;0,0
23.07.2019 02:17;0,0
23.07.2019 02:18;0,0
23.07.2019 02:19;0,0
23.07.2019 02:20;0,0
23.07.2019 02:21;0,0
23.07.2019 02:22;0,0
23.07.2019 02:23;0,0
23.07.2019 02:24;0,0
23.07.2019 02:25;0,0
23.07.2019 02:26;0,0
23.07.2019 02:27;0,0
23.07.2019 02:28;0,0
23.07.2019 02:29;0,0
23.07.2019 02:30;0,0
23.07.2019 02:31;0,0
23.07.2019 02:32;0,0
23.07.2019 02:33;0,0
23.07.2019 02:34;0,0
23.07.2019 02:35;0,0
23.07.2019 02:36;0,0
23.07.2019 02:37;0,0
23.07.2019 02:38;0,0
23.07.2019 02:39;0,0
23.07.2019 02:40;0,0
23.07.2019 02:41;0,0
23.07.2019 02:42;0,0
23.07.2019 02:43;0,0
23.07.2019 02:44;0,0
23.07.2019 02:45;0,0
23.07.2019 02:46;0,0
23.07.2019 02:47;0,0
23.07.2019 02:48;0,0
23.07.2019 02:49;0,0
23.07.2019 02:50;0,0
23.07.2019 02:51;0,0
23.07.2019 02:52;0,0
23.07.2019 02:53;0,0
23.07.2019 02:54;0,0
23.07.2019 02:55;0,0
23.07.2019 02:56;0,0
23.07.2019 02:57;0,0
23.07.2019 02:58;0,0
23.07.2019 02:59;0,0
23.07.2019 03:00;0,0
23.07.2019 03:01;0,0
23.07.2019 03:02;0,0
23.07.2019 03:03;0,0
23.07.2019 03:04;0,0
23.07.2019 03:05;0,0
23.07.2019 03:06;0,0
23.07.2019 03:07;0,0
23.07.2019 03:08;0,0
23.07.2019 03:09;0,0
23.07.2019 03:10;0,0
23.07.2019 03:11;0,0
23.07.2019 03:12;0,0
23.07.2019 03:13;0,0
23.07.2019 03:14;0,0
23.07.2019 03:15;0,0
23.07.2019 03:16;0,0
23.07.2019 03:17;0,0
23.07.2019 03:18;0,0
23.07.2019 03:19;0,0
23.07.2019 03:20;0,0
23.07.2019 03:21;0,0
23.07.2019 03:22;0,0
23.07.2019 03:23;0,0
23.07.2019 03:24;0,0
23.07.2019 03:25;0,0
23.07.2019 03:26;0,0
23.07.2019 03:27;0,0
23.07.2019 03:28;0,0
23.07.2019 03:29;0,0
23.07.2019 03:30;0,0
23.07.2019 03:31;0,0
23.07.2019 03:32;0,0
23.07.2019 03:33;0,0
23.07.2019 03:34;0,0
23.07.2019 03:35;0,0
23.07.2019 03:36;0,0
23.07.2019 03:37;0,0
23.07.2019 03:38;0,0
23.07.2019 03:39;0,0
23.07.2019 03:40;0,0
23.07.2019 03:41;0,0
23.07.2019 03:42;0,0
23.07.2019 03:43;0,0
23.07.2019 03:44;0,0
23.07.2019 03:45;0,0
23.07.2019 03:46;0,0
23.07.2019 03:47;0,0
23.07.2019 03:48;0,0
23.07.2019 03:49;0,0
23.07.2019 03:50;0,0
23.07.2019 03:51;0,0
23.07.2019 03:52;0,0
23.07.2019 03:53;0,0
23.07.2019 03:54;0,0
23.07.2019 03:55;0,0
23.07.2019 03:56;0,0
23.07.2019 03:57;0,0
23.07.2019 03:58;0,0
23.07.2019 03:59;0,0
23.07.2019 04:00;0,0
23.07.2019 04:01;0,0
23.07.2019 04:02;0,0
23.07.2019 04:03;0,0
23.07.2019 04:04;0,0
23.07.2019 04:05;0,0
23.07.2019 04:06;0,0
23.07.2019 04:07;0,0
23.07.2019 04:08;0,0
23.07.2019 04:09;0,0
23.07.2019 04:10;0,0
23.07.2019 04:11;0,0
23.07.2019 04:12;0,0
23.07.2019 04:13;0,0
23.07.2019 04:14;0,0
23.07.2019 04:15;0,0
23.07.2019 04:16;0,0
23.07.2019 04:17;0,0
23.07.2019 04:18;0,0
23.07.2019 04:19;0,0
23.07.2019 04:20;0,0
23.07.2019 04:21;0,0
23.07.2019 04:22;0,0
23.07.2019 04:23;0,0
23.07.2019 04:24;0,0
23.07.2019 04:25;0,0
23.07.2019 04:26;0,0
23.07.2019 04:27;0,0
23.07.2019 04:28;0,0
23.07.2019 04:29;0,0
23.07.2019 04:30;0,0
23.07.2019 04:31;0,0
23.07.2019 04:32;0,0
23.07.2019 04:33;0,0
23.07.2019 04:34;0,0
23.07.2019 04:35;0,0
23.07.2019 04:36;0,0
23.07.2019 04:37;0,0
23.07.2019 04:38;0,0
23.07.2019 04:39;0,0
23.07.2019 04:40;0,0
23.07.2019 04:41;0,0
23.07.2019 04:42;0,0
23.07.2019 04:43;0,0
23.07.2019 04:44;0,0
23.07.2019 04:45;0,0
23.07.2019 04:46;0,0
23.07.2019 04:47;0,0
23.07.2019 04:48;0,0
23.07.2019 04:49;0,0
23.07.2019 04:50;0,0
23.07.2019 04:51;0,0
23.07.2019 04:52;0,0
23.07.2019 04:53;0,0
23.07.2019 04:54;0,0
23.07.2019 04:55;0,0
23.07.2019 04:56;0,0
23.07.2019 04:57;0,0
23.07.2019 04:58;0,0
23.07.2019 04:59;0,0
23.07.2019 05:00;0,0
23.07.2019 05:01;0,0
23.07.2019 05:02;0,0
23.07.2019 05:03;0,0
23.07.2019 05:04;0,0
23.07.2019 05:05;0,0
23.07.2019 05:06;0,0
23.07.2019 05:07;0,0
23.07.2019 05:08;0,0
23.07.2019 05:09;0,0
23.07.2019 05:10;0,0
23.07.2019 05:11;0,0
23.07.2019 05:12;0,0
23.07.2019 05:13;0,0
23.07.2019 05:14;0,0
23.07.2019 05:15;0,0
23.07.2019 05:16;0,0
23.07.2019 05:17;0,0
23.07.2019 05:18;0,0
23.07.2019 05:19;0,0
23.07.2019 05:20;0,0
23.07.2019 05:21;0,0
23.07.2019 05:22;0,0
23.07.2019 05:23;0,0
23.07.2019 05:24;0,0
23.07.2019 05:25;0,0
23.07.2019 05:26;0,0
23.07.2019 05:27;0,0
23.07.2019 05:28;0,0
23.07.2019 05:29;0,0
23.07.2019 05:30;0,0
23.07.2019 05:31;0,0
23.07.2019 05:32;0,0
23.07.2019 05:33;0,0
23.07.2019 05:34;0,0
23.07.2019 05:35;0,0
23.07.2019 05:36;0,0
23.07.2019 05:37;0,0
23.07.2019 05:38;0,0
23.07.2019 05:39;0,0
23.07.2019 05:40;0,0
23.07.2019 05:41;0,0
23.07.2019 05:42;0,0
23.07.2019 05:43;0,0
23.07.2019 05:44;0,0
23.07.2019 05:45;0,0
23.07.2019 05:46;0,00022500000000000008
23.07.2019 05:47;0,00045000000000000015
23.07.2019 05:48;0,0006750000000000003
23.07.2019 05:49;0,0009000000000000003
23.07.2019 05:50;0,0011250000000000003
23.07.2019 05:51;0,0013500000000000005
23.07.2019 05:52;0,0015750000000000004
23.07.2019 05:53;0,0018000000000000006
23.07.2019 05:54;0,0020250000000000008
23.07.2019 05:55;0,0022500000000000007
23.07.2019 05:56;0,0024750000000000006
23.07.2019 05:57;0,002700000000000001
23.07.2019 05:58;0,002925000000000001
23.07.2019 05:59;0,003150000000000001
23.07.2019 06:00;0,0033750000000000013
23.07.2019 06:01;0,003772000000000001
23.07.2019 06:02;0,004169000000000001
23.07.2019 06:03;0,0045660000000000015
23.07.2019 06:04;0,004963000000000001
23.07.2019 06:05;0,005360000000000001
23.07.2019 06:06;0,005757000000000002
23.07.2019 06:07;0,0061540000000000015
23.07.2019 06:08;0,006551000000000001
23.07.2019 06:09;0,006948000000000001
23.07.2019 06:10;0,007345000000000001
23.07.2019 06:11;0,0077420000000000015
23.07.2019 06:12;0,008139
23.07.2019 06:13;0,008536000000000002
23.07.2019 06:14;0,008933000000000002
23.07.2019 06:15;0,009330000000000001
23.07.2019 06:16;0,009753666666666667
23.07.2019 06:17;0,010177333333333335
23.07.2019 06:18;0,010601000000000001
23.07.2019 06:19;0,011024666666666669
23.07.2019 06:20;0,011448333333333335
23.07.2019 06:21;0,011872
23.07.2019 06:22;0,012295666666666668
23.07.2019 06:23;0,012719333333333334
23.07.2019 06:24;0,013143000000000002
23.07.2019 06:25;0,013566666666666668
23.07.2019 06:26;0,013990333333333334
23.07.2019 06:27;0,014414000000000001
23.07.2019 06:28;0,01483766666666667
23.07.2019 06:29;0,015261333333333335
23.07.2019 06:30;0,015685
23.07.2019 06:31;0,016715333333333336
23.07.2019 06:32;0,017745666666666667
23.07.2019 06:33;0,018776
23.07.2019 06:34;0,019806333333333336
23.07.2019 06:35;0,020836666666666667
23.07.2019 06:36;0,021867
23.07.2019 06:37;0,022897333333333332
23.07.2019 06:38;0,023927666666666667
23.07.2019 06:39;0,024958
23.07.2019 06:40;0,025988333333333332
23.07.2019 06:41;0,027018666666666667
23.07.2019 06:42;0,028048999999999998
23.07.2019 06:43;0,029079333333333332
23.07.2019 06:44;0,030109666666666667
23.07.2019 06:45;0,031139999999999998
23.07.2019 06:46;0,032932666666666666
23.07.2019 06:47;0,03472533333333333
23.07.2019 06:48;0,036518
23.07.2019 06:49;0,03831066666666667
23.07.2019 06:50;0,04010333333333334
23.07.2019 06:51;0,041896
23.07.2019 06:52;0,043688666666666674
23.07.2019 06:53;0,045481333333333346
23.07.2019 06:54;0,04727400000000001
23.07.2019 06:55;0,049066666666666675
23.07.2019 06:56;0,05085933333333335
23.07.2019 06:57;0,05265200000000002
23.07.2019 06:58;0,05444466666666668
23.07.2019 06:59;0,05623733333333335
23.07.2019 07:00;0,05803000000000002
23.07.2019 07:01;0,06022300000000002
23.07.2019 07:02;0,06241600000000001
23.07.2019 07:03;0,06460900000000001
23.07.2019 07:04;0,06680200000000001
23.07.2019 07:05;0,06899500000000001
23.07.2019 07:06;0,071188
23.07.2019 07:07;0,073381
23.07.2019 07:08;0,075574
23.07.2019 07:09;0,077767
23.07.2019 07:10;0,07996
23.07.2019 07:11;0,082153
23.07.2019 07:12;0,084346
23.07.2019 07:13;0,086539
23.07.2019 07:14;0,08873199999999999
23.07.2019 07:15;0,09092499999999999
23.07.2019 07:16;0,09355233333333333
23.07.2019 07:17;0,09617966666666666
23.07.2019 07:18;0,098807
23.07.2019 07:19;0,10143433333333333
23.07.2019 07:20;0,10406166666666668
23.07.2019 07:21;0,106689
23.07.2019 07:22;0,10931633333333335
23.07.2019 07:23;0,11194366666666668
23.07.2019 07:24;0,11457100000000002
23.07.2019 07:25;0,11719833333333335
23.07.2019 07:26;0,11982566666666669
23.07.2019 07:27;0,12245300000000003
23.07.2019 07:28;0,12508033333333335
23.07.2019 07:29;0,1277076666666667
23.07.2019 07:30;0,13033500000000003
23.07.2019 07:31;0,13320333333333337
23.07.2019 07:32;0,1360716666666667
23.07.2019 07:33;0,13894000000000004
23.07.2019 07:34;0,14180833333333337
23.07.2019 07:35;0,1446766666666667
23.07.2019 07:36;0,14754500000000004
23.07.2019 07:37;0,15041333333333337
23.07.2019 07:38;0,1532816666666667
23.07.2019 07:39;0,15615000000000004
23.07.2019 07:40;0,15901833333333337
23.07.2019 07:41;0,1618866666666667
23.07.2019 07:42;0,16475500000000004
23.07.2019 07:43;0,16762333333333337
23.07.2019 07:44;0,1704916666666667
23.07.2019 07:45;0,17336000000000004
23.07.2019 07:46;0,1761206666666667
23.07.2019 07:47;0,17888133333333336
23.07.2019 07:48;0,18164200000000003
23.07.2019 07:49;0,18440266666666671
23.07.2019 07:50;0,18716333333333338
23.07.2019 07:51;0,18992400000000004
23.07.2019 07:52;0,1926846666666667
23.07.2019 07:53;0,19544533333333336
23.07.2019 07:54;0,19820600000000002
23.07.2019 07:55;0,20096666666666668
23.07.2019 07:56;0,20372733333333337
23.07.2019 07:57;0,20648800000000003
23.07.2019 07:58;0,2092486666666667
23.07.2019 07:59;0,21200933333333336
23.07.2019 08:00;0,21477000000000002
23.07.2019 08:01;0,21784900000000001
23.07.2019 08:02;0,220928
23.07.2019 08:03;0,224007
23.07.2019 08:04;0,227086
23.07.2019 08:05;0,230165
23.07.2019 08:06;0,233244
23.07.2019 08:07;0,236323
23.07.2019 08:08;0,239402
23.07.2019 08:09;0,242481
23.07.2019 08:10;0,24556
23.07.2019 08:11;0,248639
23.07.2019 08:12;0,251718
23.07.2019 08:13;0,254797
23.07.2019 08:14;0,257876
23.07.2019 08:15;0,260955
23.07.2019 08:16;0,2639896666666667
23.07.2019 08:17;0,2670243333333333
23.07.2019 08:18;0,270059
23.07.2019 08:19;0,2730936666666666
23.07.2019 08:20;0,2761283333333333
23.07.2019 08:21;0,279163
23.07.2019 08:22;0,2821976666666666
23.07.2019 08:23;0,2852323333333333
23.07.2019 08:24;0,28826699999999994
23.07.2019 08:25;0,2913016666666666
23.07.2019 08:26;0,2943363333333333
23.07.2019 08:27;0,29737099999999994
23.07.2019 08:28;0,3004056666666666
23.07.2019 08:29;0,30344033333333326
23.07.2019 08:30;0,30647499999999994
23.07.2019 08:31;0,30951899999999993
23.07.2019 08:32;0,3125629999999999
23.07.2019 08:33;0,3156069999999999
23.07.2019 08:34;0,31865099999999996
23.07.2019 08:35;0,32169499999999995
23.07.2019 08:36;0,32473899999999994
23.07.2019 08:37;0,32778299999999994
23.07.2019 08:38;0,3308269999999999
23.07.2019 08:39;0,3338709999999999
23.07.2019 08:40;0,3369149999999999
23.07.2019 08:41;0,3399589999999999
23.07.2019 08:42;0,34300299999999995
23.07.2019 08:43;0,34604699999999994
23.07.2019 08:44;0,34909099999999993
23.07.2019 08:45;0,3521349999999999
23.07.2019 08:46;0,35487699999999994
23.07.2019 08:47;0,35761899999999996
23.07.2019 08:48;0,360361
23.07.2019 08:49;0,36310299999999995
23.07.2019 08:50;0,365845
23.07.2019 08:51;0,368587
23.07.2019 08:52;0,371329
23.07.2019 08:53;0,37407100000000004
23.07.2019 08:54;0,37681300000000006
23.07.2019 08:55;0,3795550000000001
23.07.2019 08:56;0,3822970000000001
23.07.2019 08:57;0,3850390000000001
23.07.2019 08:58;0,3877810000000001
23.07.2019 08:59;0,3905230000000001
23.07.2019 09:00;0,39326500000000014
23.07.2019 09:01;0,39580800000000016
23.07.2019 09:02;0,3983510000000002
23.07.2019 09:03;0,4008940000000002
23.07.2019 09:04;0,40343700000000016
23.07.2019 09:05;0,4059800000000002
23.07.2019 09:06;0,4085230000000002
23.07.2019 09:07;0,4110660000000002
23.07.2019 09:08;0,4136090000000002
23.07.2019 09:09;0,41615200000000024
23.07.2019 09:10;0,41869500000000026
23.07.2019 09:11;0,4212380000000003
23.07.2019 09:12;0,42378100000000024
23.07.2019 09:13;0,42632400000000026
23.07.2019 09:14;0,4288670000000003
23.07.2019 09:15;0,4314100000000003
23.07.2019 09:16;0,4339100000000003
23.07.2019 09:17;0,43641000000000024
23.07.2019 09:18;0,43891000000000024
23.07.2019 09:19;0,44141000000000025
23.07.2019 09:20;0,44391000000000025
23.07.2019 09:21;0,4464100000000002
23.07.2019 09:22;0,4489100000000002
23.07.2019 09:23;0,4514100000000002
23.07.2019 09:24;0,4539100000000002
23.07.2019 09:25;0,45641000000000015
23.07.2019 09:26;0,45891000000000015
23.07.2019 09:27;0,46141000000000015
23.07.2019 09:28;0,46391000000000016
23.07.2019 09:29;0,4664100000000001
23.07.2019 09:30;0,4689100000000001
23.07.2019 09:31;0,4711296666666668
23.07.2019 09:32;0,4733493333333334
23.07.2019 09:33;0,4755690000000001
23.07.2019 09:34;0,47778866666666675
23.07.2019 09:35;0,4800083333333334
23.07.2019 09:36;0,48222800000000005
23.07.2019 09:37;0,4844476666666667
23.07.2019 09:38;0,4866673333333334
23.07.2019 09:39;0,48888700000000007
23.07.2019 09:40;0,4911066666666667
23.07.2019 09:41;0,49332633333333337
23.07.2019 09:42;0,49554600000000004
23.07.2019 09:43;0,4977656666666667
23.07.2019 09:44;0,49998533333333334
23.07.2019 09:45;0,502205
23.07.2019 09:46;0,5043763333333333
23.07.2019 09:47;0,5065476666666666
23.07.2019 09:48;0,508719
23.07.2019 09:49;0,5108903333333333
23.07.2019 09:50;0,5130616666666666
23.07.2019 09:51;0,5152329999999999
23.07.2019 09:52;0,5174043333333332
23.07.2019 09:53;0,5195756666666667
23.07.2019 09:54;0,521747
23.07.2019 09:55;0,5239183333333333
23.07.2019 09:56;0,5260896666666666
23.07.2019 09:57;0,5282609999999999
23.07.2019 09:58;0,5304323333333333
23.07.2019 09:59;0,5326036666666666
23.07.2019 10:00;0,5347749999999999
23.07.2019 10:01;0,5368386666666666
23.07.2019 10:02;0,5389023333333333
23.07.2019 10:03;0,540966
23.07.2019 10:04;0,5430296666666666
23.07.2019 10:05;0,5450933333333333
23.07.2019 10:06;0,547157
23.07.2019 10:07;0,5492206666666667
23.07.2019 10:08;0,5512843333333334
23.07.2019 10:09;0,5533480000000001
23.07.2019 10:10;0,5554116666666667
23.07.2019 10:11;0,5574753333333334
23.07.2019 10:12;0,5595390000000001
23.07.2019 10:13;0,5616026666666668
23.07.2019 10:14;0,5636663333333335
23.07.2019 10:15;0,5657300000000002
23.07.2019 10:16;0,5676616666666668
23.07.2019 10:17;0,5695933333333335
23.07.2019 10:18;0,5715250000000002
23.07.2019 10:19;0,5734566666666668
23.07.2019 10:20;0,5753883333333335
23.07.2019 10:21;0,5773200000000002
23.07.2019 10:22;0,5792516666666668
23.07.2019 10:23;0,5811833333333334
23.07.2019 10:24;0,583115
23.07.2019 10:25;0,5850466666666667
23.07.2019 10:26;0,5869783333333334
23.07.2019 10:27;0,58891
23.07.2019 10:28;0,5908416666666667
23.07.2019 10:29;0,5927733333333334
23.07.2019 10:30;0,594705
23.07.2019 10:31;0,5964336666666668
23.07.2019 10:32;0,5981623333333334
23.07.2019 10:33;0,5998910000000001
23.07.2019 10:34;0,6016196666666667
23.07.2019 10:35;0,6033483333333334
23.07.2019 10:36;0,6050770000000001
23.07.2019 10:37;0,6068056666666667
23.07.2019 10:38;0,6085343333333334
23.07.2019 10:39;0,610263
23.07.2019 10:40;0,6119916666666667
23.07.2019 10:41;0,6137203333333334
23.07.2019 10:42;0,615449
23.07.2019 10:43;0,6171776666666667
23.07.2019 10:44;0,6189063333333333
23.07.2019 10:45;0,620635
23.07.2019 10:46;0,6222580000000001
23.07.2019 10:47;0,623881
23.07.2019 10:48;0,6255040000000001
23.07.2019 10:49;0,6271270000000001
23.07.2019 10:50;0,62875
23.07.2019 10:51;0,6303730000000001
23.07.2019 10:52;0,6319960000000001
23.07.2019 10:53;0,633619
23.07.2019 10:54;0,6352420000000001
23.07.2019 10:55;0,6368650000000001
23.07.2019 10:56;0,638488
23.07.2019 10:57;0,6401110000000001
23.07.2019 10:58;0,6417340000000001
23.07.2019 10:59;0,6433570000000001
23.07.2019 11:00;0,6449800000000001
23.07.2019 11:01;0,6462843333333335
23.07.2019 11:02;0,6475886666666668
23.07.2019 11:03;0,6488930000000002
23.07.2019 11:04;0,6501973333333334
23.07.2019 11:05;0,6515016666666668
23.07.2019 11:06;0,6528060000000001
23.07.2019 11:07;0,6541103333333335
23.07.2019 11:08;0,6554146666666668
23.07.2019 11:09;0,6567190000000002
23.07.2019 11:10;0,6580233333333335
23.07.2019 11:11;0,6593276666666669
23.07.2019 11:12;0,6606320000000001
23.07.2019 11:13;0,6619363333333335
23.07.2019 11:14;0,6632406666666668
23.07.2019 11:15;0,6645450000000002
23.07.2019 11:16;0,6657643333333335
23.07.2019 11:17;0,6669836666666669
23.07.2019 11:18;0,6682030000000002
23.07.2019 11:19;0,6694223333333335
23.07.2019 11:20;0,6706416666666668
23.07.2019 11:21;0,6718610000000002
23.07.2019 11:22;0,6730803333333335
23.07.2019 11:23;0,6742996666666669
23.07.2019 11:24;0,6755190000000002
23.07.2019 11:25;0,6767383333333336
23.07.2019 11:26;0,6779576666666669
23.07.2019 11:27;0,6791770000000001
23.07.2019 11:28;0,6803963333333335
23.07.2019 11:29;0,6816156666666668
23.07.2019 11:30;0,6828350000000002
23.07.2019 11:31;0,6836716666666669
23.07.2019 11:32;0,6845083333333335
23.07.2019 11:33;0,6853450000000002
23.07.2019 11:34;0,6861816666666668
23.07.2019 11:35;0,6870183333333335
23.07.2019 11:36;0,6878550000000001
23.07.2019 11:37;0,6886916666666668
23.07.2019 11:38;0,6895283333333334
23.07.2019 11:39;0,6903650000000001
23.07.2019 11:40;0,6912016666666667
23.07.2019 11:41;0,6920383333333334
23.07.2019 11:42;0,692875
23.07.2019 11:43;0,6937116666666667
23.07.2019 11:44;0,6945483333333333
23.07.2019 11:45;0,695385
23.07.2019 11:46;0,6963526666666667
23.07.2019 11:47;0,6973203333333333
23.07.2019 11:48;0,698288
23.07.2019 11:49;0,6992556666666666
23.07.2019 11:50;0,7002233333333333
23.07.2019 11:51;0,701191
23.07.2019 11:52;0,7021586666666666
23.07.2019 11:53;0,7031263333333333
23.07.2019 11:54;0,7040939999999999
23.07.2019 11:55;0,7050616666666666
23.07.2019 11:56;0,7060293333333333
23.07.2019 11:57;0,7069969999999999
23.07.2019 11:58;0,7079646666666666
23.07.2019 11:59;0,7089323333333332
23.07.2019 12:00;0,7098999999999999
23.07.2019 12:01;0,7103233333333332
23.07.2019 12:02;0,7107466666666666
23.07.2019 12:03;0,71117
23.07.2019 12:04;0,7115933333333333
23.07.2019 12:05;0,7120166666666666
23.07.2019 12:06;0,7124400000000001
23.07.2019 12:07;0,7128633333333334
23.07.2019 12:08;0,7132866666666667
23.07.2019 12:09;0,7137100000000001
23.07.2019 12:10;0,7141333333333335
23.07.2019 12:11;0,7145566666666668
23.07.2019 12:12;0,7149800000000002
23.07.2019 12:13;0,7154033333333335
23.07.2019 12:14;0,7158266666666669
23.07.2019 12:15;0,7162500000000003
23.07.2019 12:16;0,7165030000000002
23.07.2019 12:17;0,7167560000000003
23.07.2019 12:18;0,7170090000000002
23.07.2019 12:19;0,7172620000000003
23.07.2019 12:20;0,7175150000000002
23.07.2019 12:21;0,7177680000000002
23.07.2019 12:22;0,7180210000000002
23.07.2019 12:23;0,7182740000000002
23.07.2019 12:24;0,7185270000000002
23.07.2019 12:25;0,7187800000000002
23.07.2019 12:26;0,7190330000000001
23.07.2019 12:27;0,7192860000000002
23.07.2019 12:28;0,7195390000000002
23.07.2019 12:29;0,7197920000000002
23.07.2019 12:30;0,7200450000000002
23.07.2019 12:31;0,7206586666666668
23.07.2019 12:32;0,7212723333333335
23.07.2019 12:33;0,7218860000000001
23.07.2019 12:34;0,7224996666666669
23.07.2019 12:35;0,7231133333333335
23.07.2019 12:36;0,7237270000000001
23.07.2019 12:37;0,7243406666666669
23.07.2019 12:38;0,7249543333333335
23.07.2019 12:39;0,7255680000000002
23.07.2019 12:40;0,7261816666666668
23.07.2019 12:41;0,7267953333333335
23.07.2019 12:42;0,7274090000000002
23.07.2019 12:43;0,7280226666666668
23.07.2019 12:44;0,7286363333333336
23.07.2019 12:45;0,7292500000000002
23.07.2019 12:46;0,7299890000000002
23.07.2019 12:47;0,7307280000000002
23.07.2019 12:48;0,7314670000000002
23.07.2019 12:49;0,7322060000000001
23.07.2019 12:50;0,7329450000000002
23.07.2019 12:51;0,7336840000000001
23.07.2019 12:52;0,7344230000000002
23.07.2019 12:53;0,7351620000000001
23.07.2019 12:54;0,7359010000000001
23.07.2019 12:55;0,7366400000000001
23.07.2019 12:56;0,7373790000000001
23.07.2019 12:57;0,738118
23.07.2019 12:58;0,7388570000000001
23.07.2019 12:59;0,739596
23.07.2019 13:00;0,7403350000000001
23.07.2019 13:01;0,7398950000000001
23.07.2019 13:02;0,7394550000000001
23.07.2019 13:03;0,7390150000000001
23.07.2019 13:04;0,738575
23.07.2019 13:05;0,738135
23.07.2019 13:06;0,737695
23.07.2019 13:07;0,737255
23.07.2019 13:08;0,736815
23.07.2019 13:09;0,736375
23.07.2019 13:10;0,735935
23.07.2019 13:11;0,735495
23.07.2019 13:12;0,7350549999999999
23.07.2019 13:13;0,7346149999999999
23.07.2019 13:14;0,7341749999999999
23.07.2019 13:15;0,7337349999999999
23.07.2019 13:16;0,7336439999999999
23.07.2019 13:17;0,7335529999999999
23.07.2019 13:18;0,7334619999999998
23.07.2019 13:19;0,7333709999999999
23.07.2019 13:20;0,7332799999999998
23.07.2019 13:21;0,7331889999999999
23.07.2019 13:22;0,7330979999999998
23.07.2019 13:23;0,7330069999999999
23.07.2019 13:24;0,7329159999999998
23.07.2019 13:25;0,7328249999999998
23.07.2019 13:26;0,7327339999999998
23.07.2019 13:27;0,7326429999999998
23.07.2019 13:28;0,7325519999999998
23.07.2019 13:29;0,7324609999999998
23.07.2019 13:30;0,7323699999999997
23.07.2019 13:31;0,7321796666666665
23.07.2019 13:32;0,731989333333333
23.07.2019 13:33;0,7317989999999998
23.07.2019 13:34;0,7316086666666665
23.07.2019 13:35;0,7314183333333331
23.07.2019 13:36;0,7312279999999998
23.07.2019 13:37;0,7310376666666665
23.07.2019 13:38;0,7308473333333331
23.07.2019 13:39;0,7306569999999998
23.07.2019 13:40;0,7304666666666665
23.07.2019 13:41;0,7302763333333331
23.07.2019 13:42;0,7300859999999998
23.07.2019 13:43;0,7298956666666665
23.07.2019 13:44;0,7297053333333331
23.07.2019 13:45;0,7295149999999998
23.07.2019 13:46;0,7292093333333332
23.07.2019 13:47;0,7289036666666665
23.07.2019 13:48;0,7285979999999999
23.07.2019 13:49;0,7282923333333332
23.07.2019 13:50;0,7279866666666666
23.07.2019 13:51;0,7276809999999999
23.07.2019 13:52;0,7273753333333333
23.07.2019 13:53;0,7270696666666665
23.07.2019 13:54;0,7267639999999999
23.07.2019 13:55;0,7264583333333332
23.07.2019 13:56;0,7261526666666666
23.07.2019 13:57;0,7258469999999999
23.07.2019 13:58;0,7255413333333333
23.07.2019 13:59;0,7252356666666666
23.07.2019 14:00;0,72493
23.07.2019 14:01;0,7242646666666667
23.07.2019 14:02;0,7235993333333333
23.07.2019 14:03;0,722934
23.07.2019 14:04;0,7222686666666667
23.07.2019 14:05;0,7216033333333334
23.07.2019 14:06;0,720938
23.07.2019 14:07;0,7202726666666667
23.07.2019 14:08;0,7196073333333334
23.07.2019 14:09;0,7189420000000001
23.07.2019 14:10;0,7182766666666667
23.07.2019 14:11;0,7176113333333334
23.07.2019 14:12;0,7169460000000001
23.07.2019 14:13;0,7162806666666668
23.07.2019 14:14;0,7156153333333334
23.07.2019 14:15;0,7149500000000001
23.07.2019 14:16;0,713925
23.07.2019 14:17;0,7129000000000001
23.07.2019 14:18;0,711875
23.07.2019 14:19;0,7108500000000001
23.07.2019 14:20;0,709825
23.07.2019 14:21;0,7088
23.07.2019 14:22;0,707775
23.07.2019 14:23;0,70675
23.07.2019 14:24;0,705725
23.07.2019 14:25;0,7047
23.07.2019 14:26;0,7036749999999999
23.07.2019 14:27;0,70265
23.07.2019 14:28;0,7016249999999999
23.07.2019 14:29;0,7006
23.07.2019 14:30;0,699575
23.07.2019 14:31;0,698448
23.07.2019 14:32;0,697321
23.07.2019 14:33;0,696194
23.07.2019 14:34;0,695067
23.07.2019 14:35;0,69394
23.07.2019 14:36;0,692813
23.07.2019 14:37;0,691686
23.07.2019 14:38;0,6905589999999999
23.07.2019 14:39;0,6894319999999999
23.07.2019 14:40;0,688305
23.07.2019 14:41;0,687178
23.07.2019 14:42;0,686051
23.07.2019 14:43;0,684924
23.07.2019 14:44;0,683797
23.07.2019 14:45;0,68267
23.07.2019 14:46;0,6819226666666667
23.07.2019 14:47;0,6811753333333334
23.07.2019 14:48;0,6804279999999999
23.07.2019 14:49;0,6796806666666666
23.07.2019 14:50;0,6789333333333333
23.07.2019 14:51;0,678186
23.07.2019 14:52;0,6774386666666666
23.07.2019 14:53;0,6766913333333332
23.07.2019 14:54;0,6759439999999999
23.07.2019 14:55;0,6751966666666666
23.07.2019 14:56;0,6744493333333332
23.07.2019 14:57;0,6737019999999999
23.07.2019 14:58;0,6729546666666665
23.07.2019 14:59;0,6722073333333332
23.07.2019 15:00;0,6714599999999998
23.07.2019 15:01;0,6702866666666665
23.07.2019 15:02;0,6691133333333332
23.07.2019 15:03;0,6679399999999999
23.07.2019 15:04;0,6667666666666665
23.07.2019 15:05;0,6655933333333333
23.07.2019 15:06;0,6644199999999999
23.07.2019 15:07;0,6632466666666665
23.07.2019 15:08;0,6620733333333333
23.07.2019 15:09;0,6608999999999999
23.07.2019 15:10;0,6597266666666666
23.07.2019 15:11;0,6585533333333333
23.07.2019 15:12;0,65738
23.07.2019 15:13;0,6562066666666666
23.07.2019 15:14;0,6550333333333334
23.07.2019 15:15;0,65386
23.07.2019 15:16;0,6528326666666666
23.07.2019 15:17;0,6518053333333333
23.07.2019 15:18;0,650778
23.07.2019 15:19;0,6497506666666667
23.07.2019 15:20;0,6487233333333333
23.07.2019 15:21;0,6476959999999999
23.07.2019 15:22;0,6466686666666667
23.07.2019 15:23;0,6456413333333333
23.07.2019 15:24;0,644614
23.07.2019 15:25;0,6435866666666666
23.07.2019 15:26;0,6425593333333333
23.07.2019 15:27;0,641532
23.07.2019 15:28;0,6405046666666666
23.07.2019 15:29;0,6394773333333333
23.07.2019 15:30;0,63845
23.07.2019 15:31;0,6370953333333333
23.07.2019 15:32;0,6357406666666666
23.07.2019 15:33;0,634386
23.07.2019 15:34;0,6330313333333333
23.07.2019 15:35;0,6316766666666667
23.07.2019 15:36;0,630322
23.07.2019 15:37;0,6289673333333333
23.07.2019 15:38;0,6276126666666667
23.07.2019 15:39;0,626258
23.07.2019 15:40;0,6249033333333334
23.07.2019 15:41;0,6235486666666668
23.07.2019 15:42;0,622194
23.07.2019 15:43;0,6208393333333334
23.07.2019 15:44;0,6194846666666667
23.07.2019 15:45;0,6181300000000001
23.07.2019 15:46;0,6169223333333334
23.07.2019 15:47;0,6157146666666667
23.07.2019 15:48;0,614507
23.07.2019 15:49;0,6132993333333334
23.07.2019 15:50;0,6120916666666667
23.07.2019 15:51;0,6108840000000001
23.07.2019 15:52;0,6096763333333334
23.07.2019 15:53;0,6084686666666668
23.07.2019 15:54;0,607261
23.07.2019 15:55;0,6060533333333334
23.07.2019 15:56;0,6048456666666667
23.07.2019 15:57;0,6036380000000001
23.07.2019 15:58;0,6024303333333334
23.07.2019 15:59;0,6012226666666668
23.07.2019 16:00;0,6000150000000001
23.07.2019 16:01;0,5982120000000001
23.07.2019 16:02;0,5964090000000001
23.07.2019 16:03;0,5946060000000001
23.07.2019 16:04;0,592803
23.07.2019 16:05;0,591
23.07.2019 16:06;0,589197
23.07.2019 16:07;0,587394
23.07.2019 16:08;0,585591
23.07.2019 16:09;0,583788
23.07.2019 16:10;0,581985
23.07.2019 16:11;0,580182
23.07.2019 16:12;0,5783789999999999
23.07.2019 16:13;0,5765759999999999
23.07.2019 16:14;0,5747729999999999
23.07.2019 16:15;0,5729699999999999
23.07.2019 16:16;0,5710846666666666
23.07.2019 16:17;0,5691993333333332
23.07.2019 16:18;0,5673139999999999
23.07.2019 16:19;0,5654286666666666
23.07.2019 16:20;0,5635433333333333
23.07.2019 16:21;0,5616579999999999
23.07.2019 16:22;0,5597726666666666
23.07.2019 16:23;0,5578873333333333
23.07.2019 16:24;0,556002
23.07.2019 16:25;0,5541166666666666
23.07.2019 16:26;0,5522313333333333
23.07.2019 16:27;0,550346
23.07.2019 16:28;0,5484606666666667
23.07.2019 16:29;0,5465753333333333
23.07.2019 16:30;0,54469
23.07.2019 16:31;0,542803
23.07.2019 16:32;0,540916
23.07.2019 16:33;0,539029
23.07.2019 16:34;0,537142
23.07.2019 16:35;0,5352549999999999
23.07.2019 16:36;0,533368
23.07.2019 16:37;0,531481
23.07.2019 16:38;0,5295939999999999
23.07.2019 16:39;0,5277069999999999
23.07.2019 16:40;0,52582
23.07.2019 16:41;0,5239329999999999
23.07.2019 16:42;0,5220459999999999
23.07.2019 16:43;0,5201589999999999
23.07.2019 16:44;0,5182719999999998
23.07.2019 16:45;0,5163849999999999
23.07.2019 16:46;0,5140333333333332
23.07.2019 16:47;0,5116816666666666
23.07.2019 16:48;0,50933
23.07.2019 16:49;0,5069783333333333
23.07.2019 16:50;0,5046266666666666
23.07.2019 16:51;0,5022749999999999
23.07.2019 16:52;0,49992333333333333
23.07.2019 16:53;0,49757166666666663
23.07.2019 16:54;0,49522
23.07.2019 16:55;0,49286833333333335
23.07.2019 16:56;0,4905166666666667
23.07.2019 16:57;0,48816500000000007
23.07.2019 16:58;0,4858133333333334
23.07.2019 16:59;0,48346166666666673
23.07.2019 17:00;0,4811100000000001
23.07.2019 17:01;0,47866166666666676
23.07.2019 17:02;0,47621333333333343
23.07.2019 17:03;0,4737650000000001
23.07.2019 17:04;0,4713166666666668
23.07.2019 17:05;0,46886833333333344
23.07.2019 17:06;0,4664200000000001
23.07.2019 17:07;0,4639716666666668
23.07.2019 17:08;0,46152333333333345
23.07.2019 17:09;0,4590750000000001
23.07.2019 17:10;0,4566266666666668
23.07.2019 17:11;0,45417833333333346
23.07.2019 17:12;0,45173000000000013
23.07.2019 17:13;0,4492816666666668
23.07.2019 17:14;0,44683333333333347
23.07.2019 17:15;0,44438500000000014
23.07.2019 17:16;0,44210700000000014
23.07.2019 17:17;0,43982900000000014
23.07.2019 17:18;0,4375510000000001
23.07.2019 17:19;0,4352730000000001
23.07.2019 17:20;0,4329950000000001
23.07.2019 17:21;0,43071700000000007
23.07.2019 17:22;0,42843900000000007
23.07.2019 17:23;0,426161
23.07.2019 17:24;0,423883
23.07.2019 17:25;0,421605
23.07.2019 17:26;0,419327
23.07.2019 17:27;0,417049
23.07.2019 17:28;0,41477099999999995
23.07.2019 17:29;0,41249299999999994
23.07.2019 17:30;0,41021499999999994
23.07.2019 17:31;0,4078896666666666
23.07.2019 17:32;0,40556433333333325
23.07.2019 17:33;0,4032389999999999
23.07.2019 17:34;0,4009136666666666
23.07.2019 17:35;0,39858833333333327
23.07.2019 17:36;0,3962629999999999
23.07.2019 17:37;0,3939376666666666
23.07.2019 17:38;0,39161233333333323
23.07.2019 17:39;0,3892869999999999
23.07.2019 17:40;0,38696166666666654
23.07.2019 17:41;0,3846363333333332
23.07.2019 17:42;0,3823109999999999
23.07.2019 17:43;0,37998566666666656
23.07.2019 17:44;0,3776603333333332
23.07.2019 17:45;0,37533499999999986
23.07.2019 17:46;0,3728153333333332
23.07.2019 17:47;0,3702956666666665
23.07.2019 17:48;0,3677759999999999
23.07.2019 17:49;0,3652563333333332
23.07.2019 17:50;0,36273666666666654
23.07.2019 17:51;0,36021699999999984
23.07.2019 17:52;0,3576973333333332
23.07.2019 17:53;0,3551776666666665
23.07.2019 17:54;0,35265799999999986
23.07.2019 17:55;0,35013833333333316
23.07.2019 17:56;0,3476186666666665
23.07.2019 17:57;0,3450989999999998
23.07.2019 17:58;0,3425793333333332
23.07.2019 17:59;0,34005966666666654
23.07.2019 18:00;0,33753999999999984
23.07.2019 18:01;0,3348026666666665
23.07.2019 18:02;0,3320653333333332
23.07.2019 18:03;0,32932799999999984
23.07.2019 18:04;0,32659066666666653
23.07.2019 18:05;0,3238533333333332
23.07.2019 18:06;0,3211159999999999
23.07.2019 18:07;0,3183786666666666
23.07.2019 18:08;0,3156413333333332
23.07.2019 18:09;0,3129039999999999
23.07.2019 18:10;0,3101666666666666
23.07.2019 18:11;0,3074293333333333
23.07.2019 18:12;0,30469199999999996
23.07.2019 18:13;0,3019546666666666
23.07.2019 18:14;0,2992173333333333
23.07.2019 18:15;0,29647999999999997
23.07.2019 18:16;0,29358399999999996
23.07.2019 18:17;0,29068799999999995
23.07.2019 18:18;0,287792
23.07.2019 18:19;0,284896
23.07.2019 18:20;0,282
23.07.2019 18:21;0,27910399999999996
23.07.2019 18:22;0,27620799999999995
23.07.2019 18:23;0,273312
23.07.2019 18:24;0,270416
23.07.2019 18:25;0,26752
23.07.2019 18:26;0,26462399999999997
23.07.2019 18:27;0,26172799999999996
23.07.2019 18:28;0,258832
23.07.2019 18:29;0,255936
23.07.2019 18:30;0,25304
23.07.2019 18:31;0,24999133333333332
23.07.2019 18:32;0,24694266666666667
23.07.2019 18:33;0,243894
23.07.2019 18:34;0,24084533333333336
23.07.2019 18:35;0,23779666666666668
23.07.2019 18:36;0,234748
23.07.2019 18:37;0,23169933333333337
23.07.2019 18:38;0,2286506666666667
23.07.2019 18:39;0,22560200000000005
23.07.2019 18:40;0,22255333333333338
23.07.2019 18:41;0,21950466666666674
23.07.2019 18:42;0,21645600000000007
23.07.2019 18:43;0,2134073333333334
23.07.2019 18:44;0,21035866666666675
23.07.2019 18:45;0,20731000000000008
23.07.2019 18:46;0,20435666666666674
23.07.2019 18:47;0,20140333333333338
23.07.2019 18:48;0,19845000000000004
23.07.2019 18:49;0,1954966666666667
23.07.2019 18:50;0,19254333333333337
23.07.2019 18:51;0,18959
23.07.2019 18:52;0,18663666666666667
23.07.2019 18:53;0,18368333333333334
23.07.2019 18:54;0,18073
23.07.2019 18:55;0,17777666666666664
23.07.2019 18:56;0,1748233333333333
23.07.2019 18:57;0,17186999999999997
23.07.2019 18:58;0,1689166666666666
23.07.2019 18:59;0,16596333333333327
23.07.2019 19:00;0,16300999999999993
23.07.2019 19:01;0,16019133333333327
23.07.2019 19:02;0,1573726666666666
23.07.2019 19:03;0,15455399999999994
23.07.2019 19:04;0,15173533333333328
23.07.2019 19:05;0,14891666666666661
23.07.2019 19:06;0,14609799999999995
23.07.2019 19:07;0,14327933333333331
23.07.2019 19:08;0,14046066666666662
23.07.2019 19:09;0,137642
23.07.2019 19:10;0,13482333333333332
23.07.2019 19:11;0,13200466666666666
23.07.2019 19:12;0,129186
23.07.2019 19:13;0,12636733333333333
23.07.2019 19:14;0,12354866666666667
23.07.2019 19:15;0,12073
23.07.2019 19:16;0,11819400000000001
23.07.2019 19:17;0,115658
23.07.2019 19:18;0,113122
23.07.2019 19:19;0,110586
23.07.2019 19:20;0,10805000000000001
23.07.2019 19:21;0,105514
23.07.2019 19:22;0,102978
23.07.2019 19:23;0,100442
23.07.2019 19:24;0,09790599999999999
23.07.2019 19:25;0,09537
23.07.2019 19:26;0,092834
23.07.2019 19:27;0,09029799999999999
23.07.2019 19:28;0,087762
23.07.2019 19:29;0,085226
23.07.2019 19:30;0,08269
23.07.2019 19:31;0,08060833333333334
23.07.2019 19:32;0,07852666666666666
23.07.2019 19:33;0,076445
23.07.2019 19:34;0,07436333333333334
23.07.2019 19:35;0,07228166666666666
23.07.2019 19:36;0,0702
23.07.2019 19:37;0,06811833333333332
23.07.2019 19:38;0,06603666666666666
23.07.2019 19:39;0,06395499999999998
23.07.2019 19:40;0,06187333333333332
23.07.2019 19:41;0,05979166666666666
23.07.2019 19:42;0,05770999999999999
23.07.2019 19:43;0,05562833333333332
23.07.2019 19:44;0,05354666666666666
23.07.2019 19:45;0,05146499999999999
23.07.2019 19:46;0,05010499999999999
23.07.2019 19:47;0,04874499999999999
23.07.2019 19:48;0,047385
23.07.2019 19:49;0,046024999999999996
23.07.2019 19:50;0,044664999999999996
23.07.2019 19:51;0,043304999999999996
23.07.2019 19:52;0,041944999999999996
23.07.2019 19:53;0,040584999999999996
23.07.2019 19:54;0,039224999999999996
23.07.2019 19:55;0,037864999999999996
23.07.2019 19:56;0,036505
23.07.2019 19:57;0,035145
23.07.2019 19:58;0,033785
23.07.2019 19:59;0,032425
23.07.2019 20:00;0,031065000000000006
23.07.2019 20:01;0,030396333333333338
23.07.2019 20:02;0,029727666666666673
23.07.2019 20:03;0,029059000000000005
23.07.2019 20:04;0,02839033333333334
23.07.2019 20:05;0,027721666666666672
23.07.2019 20:06;0,027053000000000008
23.07.2019 20:07;0,02638433333333334
23.07.2019 20:08;0,02571566666666667
23.07.2019 20:09;0,025047000000000007
23.07.2019 20:10;0,02437833333333334
23.07.2019 20:11;0,02370966666666667
23.07.2019 20:12;0,023041000000000006
23.07.2019 20:13;0,02237233333333334
23.07.2019 20:14;0,02170366666666667
23.07.2019 20:15;0,021035000000000005
23.07.2019 20:16;0,02072233333333334
23.07.2019 20:17;0,02040966666666667
23.07.2019 20:18;0,020097000000000004
23.07.2019 20:19;0,019784333333333338
23.07.2019 20:20;0,01947166666666667
23.07.2019 20:21;0,019159000000000002
23.07.2019 20:22;0,018846333333333336
23.07.2019 20:23;0,018533666666666667
23.07.2019 20:24;0,018221
23.07.2019 20:25;0,017908333333333335
23.07.2019 20:26;0,017595666666666666
23.07.2019 20:27;0,017283
23.07.2019 20:28;0,016970333333333334
23.07.2019 20:29;0,016657666666666668
23.07.2019 20:30;0,016345
23.07.2019 20:31;0,016014333333333332
23.07.2019 20:32;0,015683666666666665
23.07.2019 20:33;0,015352999999999999
23.07.2019 20:34;0,015022333333333332
23.07.2019 20:35;0,014691666666666667
23.07.2019 20:36;0,014361
23.07.2019 20:37;0,014030333333333334
23.07.2019 20:38;0,013699666666666667
23.07.2019 20:39;0,013369
23.07.2019 20:40;0,013038333333333334
23.07.2019 20:41;0,01270766666666667
23.07.2019 20:42;0,012377000000000003
23.07.2019 20:43;0,012046333333333336
23.07.2019 20:44;0,01171566666666667
23.07.2019 20:45;0,011385000000000003
23.07.2019 20:46;0,01103266666666667
23.07.2019 20:47;0,010680333333333335
23.07.2019 20:48;0,010328000000000002
23.07.2019 20:49;0,009975666666666667
23.07.2019 20:50;0,009623333333333334
23.07.2019 20:51;0,009271000000000001
23.07.2019 20:52;0,008918666666666668
23.07.2019 20:53;0,008566333333333334
23.07.2019 20:54;0,008213999999999999
23.07.2019 20:55;0,007861666666666666
23.07.2019 20:56;0,007509333333333333
23.07.2019 20:57;0,007156999999999999
23.07.2019 20:58;0,0068046666666666655
23.07.2019 20:59;0,0064523333333333325
23.07.2019 21:00;0,006099999999999999
23.07.2019 21:01;0,005693333333333332
23.07.2019 21:02;0,005286666666666665
23.07.2019 21:03;0,004879999999999999
23.07.2019 21:04;0,004473333333333333
23.07.2019 21:05;0,004066666666666666
23.07.2019 21:06;0,003659999999999999
23.07.2019 21:07;0,003253333333333333
23.07.2019 21:08;0,002846666666666666
23.07.2019 21:09;0,0024399999999999995
23.07.2019 21:10;0,002033333333333333
23.07.2019 21:11;0,0016266666666666669
23.07.2019 21:12;0,0012199999999999997
23.07.2019 21:13;0,0008133333333333334
23.07.2019 21:14;0,00040666666666666716
23.07.2019 21:15;0,0
23.07.2019 21:16;0,0
23.07.2019 21:17;0,0
23.07.2019 21:18;0,0
23.07.2019 21:19;0,0
23.07.2019 21:20;0,0
23.07.2019 21:21;0,0
23.07.2019 21:22;0,0
23.07.2019 21:23;0,0
23.07.2019 21:24;0,0
23.07.2019 21:25;0,0
23.07.2019 21:26;0,0
23.07.2019 21:27;0,0
23.07.2019 21:28;0,0
23.07.2019 21:29;0,0
23.07.2019 21:30;0,0
23.07.2019 21:31;0,0
23.07.2019 21:32;0,0
23.07.2019 21:33;0,0
23.07.2019 21:34;0,0
23.07.2019 21:35;0,0
23.07.2019 21:36;0,0
23.07.2019 21:37;0,0
23.07.2019 21:38;0,0
23.07.2019 21:39;0,0
23.07.2019 21:40;0,0
23.07.2019 21:41;0,0
23.07.2019 21:42;0,0
23.07.2019 21:43;0,0
23.07.2019 21:44;0,0
23.07.2019 21:45;0,0
23.07.2019 21:46;0,0
23.07.2019 21:47;0,0
23.07.2019 21:48;0,0
23.07.2019 21:49;0,0
23.07.2019 21:50;0,0
23.07.2019 21:51;0,0
23.07.2019 21:52;0,0
23.07.2019 21:53;0,0
23.07.2019 21:54;0,0
23.07.2019 21:55;0,0
23.07.2019 21:56;0,0
23.07.2019 21:57;0,0
23.07.2019 21:58;0,0
23.07.2019 21:59;0,0
23.07.2019 22:00;0,0
23.07.2019 22:01;0,0
23.07.2019 22:02;0,0
23.07.2019 22:03;0,0
23.07.2019 22:04;0,0
23.07.2019 22:05;0,0
23.07.2019 22:06;0,0
23.07.2019 22:07;0,0
23.07.2019 22:08;0,0
23.07.2019 22:09;0,0
23.07.2019 22:10;0,0
23.07.2019 22:11;0,0
23.07.2019 22:12;0,0
23.07.2019 22:13;0,0
23.07.2019 22:14;0,0
23.07.2019 22:15;0,0
23.07.2019 22:16;0,0
23.07.2019 22:17;0,0
23.07.2019 22:18;0,0
23.07.2019 22:19;0,0
23.07.2019 22:20;0,0
23.07.2019 22:21;0,0
23.07.2019 22:22;0,0
23.07.2019 22:23;0,0
23.07.2019 22:24;0,0
23.07.2019 22:25;0,0
23.07.2019 22:26;0,0
23.07.2019 22:27;0,0
23.07.2019 22:28;0,0
23.07.2019 22:29;0,0
23.07.2019 22:30;0,0
23.07.2019 22:31;0,0
23.07.2019 22:32;0,0
23.07.2019 22:33;0,0
23.07.2019 22:34;0,0
23.07.2019 22:35;0,0
23.07.2019 22:36;0,0
23.07.2019 22:37;0,0
23.07.2019 22:38;0,0
23.07.2019 22:39;0,0
23.07.2019 22:40;0,0
23.07.2019 22:41;0,0
23.07.2019 22:42;0,0
23.07.2019 22:43;0,0
23.07.2019 22:44;0,0
23.07.2019 22:45;0,0
23.07.2019 22:46;0,0
23.07.2019 22:47;0,0
23.07.2019 22:48;0,0
23.07.2019 22:49;0,0
23.07.2019 22:50;0,0
23.07.2019 22:51;0,0
23.07.2019 22:52;0,0
23.07.2019 22:53;0,0
23.07.2019 22:54;0,0
23.07.2019 22:55;0,0
23.07.2019 22:56;0,0
23.07.2019 22:57;0,0
23.07.2019 22:58;0,0
23.07.2019 22:59;0,0
23.07.2019 23:00;0,0
23.07.2019 23:01;0,0
23.07.2019 23:02;0,0
23.07.2019 23:03;0,0
23.07.2019 23:04;0,0
23.07.2019 23:05;0,0
23.07.2019 23:06;0,0
23.07.2019 23:07;0,0
23.07.2019 23:08;0,0
23.07.2019 23:09;0,0
23.07.2019 23:10;0,0
23.07.2019 23:11;0,0
23.07.2019 23:12;0,0
23.07.2019 23:13;0,0
23.07.2019 23:14;0,0
23.07.2019 23:15;0,0
23.07.2019 23:16;0,0
23.07.2019 23:17;0,0
23.07.2019 23:18;0,0
23.07.2019 23:19;0,0
23.07.2019 23:20;0,0
23.07.2019 23:21;0,0
23.07.2019 23:22;0,0
23.07.2019 23:23;0,0
23.07.2019 23:24;0,0
23.07.2019 23:25;0,0
23.07.2019 23:26;0,0
23.07.2019 23:27;0,0
23.07.2019 23:28;0,0
23.07.2019 23:29;0,0
23.07.2019 23:30;0,0
23.07.2019 23:31;0,0
23.07.2019 23:32;0,0
23.07.2019 23:33;0,0
23.07.2019 23:34;0,0
23.07.2019 23:35;0,0
23.07.2019 23:36;0,0
23.07.2019 23:37;0,0
23.07.2019 23:38;0,0
23.07.2019 23:39;0,0
23.07.2019 23:40;0,0
23.07.2019 23:41;0,0
23.07.2019 23:42;0,0
23.07.2019 23:43;0,0
23.07.2019 23:44;0,0
23.07.2019 23:45;0,0
23.07.2019 23:46;0,0
23.07.2019 23:47;0,0
23.07.2019 23:48;0,0
23.07.2019 23:49;0,0
23.07.2019 23:50;0,0
23.07.2019 23:51;0,0
23.07.2019 23:52;0,0
23.07.2019 23:53;0,0
23.07.2019 23:54;0,0
23.07.2019 23:55;0,0
23.07.2019 23:56;0,0
23.07.2019 23:57;0,0
23.07.2019 23:58;0,0
23.07.2019 23:59;0,0