comparison,config,gap_cost_pct,gap_cost_eur,gap_cost_eur_per_mwh,gap_co2_t
L1cp->L3,synth_n05_L15p0km_hi0p1_s12h,44.7521,72614.77,7.4339,229.91
L1cp->L3,synth_n05_L15p0km_hi0p1_s6h,39.0189,78021.34,7.9866,250.44
L1cp->L3,synth_n05_L15p0km_hi0p4_s12h,44.7378,72572.6,7.4304,229.82
L1cp->L3,synth_n05_L15p0km_hi0p4_s6h,39.0248,78040.78,7.9886,250.34
L1cp->L3,synth_n05_L15p0km_hi0p8_s2h,35.1487,101336.69,10.3733,299.97
L1cp->L3,synth_n05_L15p0km_hi0p8_s6h,39.0105,77993.67,7.9846,250.22
L1cp->L3,synth_n05_L1p0km_hi0p4_s12h,4.7077,4428.76,0.4534,15.55
L1cp->L3,synth_n05_L1p0km_hi0p4_s2h,3.0768,5935.47,0.6076,20.61
L1cp->L3,synth_n05_L1p0km_hi0p4_s6h,3.5106,4436.47,0.4542,16.75
L1cp->L3,synth_n05_L5p0km_hi0p1_s12h,20.2344,22740.55,2.3281,75.69
L1cp->L3,synth_n05_L5p0km_hi0p1_s2h,14.7851,32440.39,3.3211,100.14
L1cp->L3,synth_n05_L5p0km_hi0p1_s6h,16.3483,23830.4,2.4394,82.52
L1cp->L3,synth_n05_L5p0km_hi0p4_s12h,20.2338,22739.68,2.328,75.69
L1cp->L3,synth_n05_L5p0km_hi0p8_s2h,14.832,32561.02,3.3331,100.51
L1cp->L3,synth_n15_L15p0km_hi0p1_s2h,34.7103,99401.02,10.1752,293.97
L1cp->L3,synth_n15_L15p0km_hi0p1_s6h,38.5216,76403.85,7.8211,245.01
L1cp->L3,synth_n15_L15p0km_hi0p4_s2h,35.1676,101420.66,10.3819,300.59
L1cp->L3,synth_n15_L15p0km_hi0p8_s12h,44.2573,71174.45,7.2872,225.16
L1cp->L3,synth_n15_L1p0km_hi0p1_s6h,3.468,4380.73,0.4485,16.33
L1cp->L3,synth_n15_L1p0km_hi0p8_s2h,3.2919,6364.47,0.6515,21.66
L1cp->L3,synth_n15_L1p0km_hi0p8_s6h,3.4566,4365.81,0.447,16.27
L1cp->L3,synth_n15_L5p0km_hi0p1_s12h,20.2032,22696.57,2.3233,75.24
L1cp->L3,synth_n15_L5p0km_hi0p1_s6h,16.0026,23230.56,2.3785,79.97
L1cp->L3,synth_n15_L5p0km_hi0p4_s2h,14.5562,31852.57,3.2609,98.15
L1cp->L3,synth_n15_L5p0km_hi0p8_s2h,14.3342,31285.45,3.2029,95.94
L1cp->L3,synth_n30_L15p0km_hi0p1_s12h,44.3053,71313.03,7.3021,224.91
L1cp->L3,synth_n30_L15p0km_hi0p1_s2h,34.7602,99619.84,10.1976,293.81
L1cp->L3,synth_n30_L15p0km_hi0p1_s6h,38.5316,76436.08,7.8252,245.56
L1cp->L3,synth_n30_L15p0km_hi0p4_s12h,44.2842,71251.9,7.2937,224.99
L1cp->L3,synth_n30_L15p0km_hi0p4_s2h,34.8694,100100.26,10.2478,295.02
L1cp->L3,synth_n30_L15p0km_hi0p8_s6h,38.3222,75762.66,7.7547,243.2
L1cp->L3,synth_n30_L5p0km_hi0p1_s2h,14.3619,31356.14,3.2104,96.75
L1cp->L3,synth_n30_L5p0km_hi0p1_s6h,15.9542,23146.95,2.3699,79.83
L1cp->L3,synth_n30_L5p0km_hi0p4_s2h,14.4501,31581.22,3.2328,97.41
L1cp->L3,synth_n30_L5p0km_hi0p8_s2h,14.378,31397.02,3.2149,97.33
L1cp->L3,synth_n30_L5p0km_hi0p8_s6h,16.0151,23252.14,2.3807,79.83
L1cp->L1,synth_n05_L15p0km_hi0p1_s12h,0.0495,44.43,0.0045,-0.03
L1cp->L1,synth_n05_L15p0km_hi0p1_s6h,-0.253,-307.71,-0.0315,-1.16
L1cp->L1,synth_n05_L15p0km_hi0p4_s12h,0.0044,3.92,0.0004,-0.12
L1cp->L1,synth_n05_L15p0km_hi0p4_s6h,-0.253,-307.71,-0.0315,-1.16
L1cp->L1,synth_n05_L15p0km_hi0p8_s2h,-0.3558,-662.96,-0.0679,-1.27
L1cp->L1,synth_n05_L15p0km_hi0p8_s6h,-0.2622,-318.88,-0.0326,-0.84
L1cp->L1,synth_n05_L1p0km_hi0p4_s12h,-0.0616,-55.16,-0.0056,0.15
L1cp->L1,synth_n05_L1p0km_hi0p4_s2h,-0.3755,-699.37,-0.0716,-0.78
L1cp->L1,synth_n05_L1p0km_hi0p4_s6h,-0.2897,-352.19,-0.0361,-1.18
L1cp->L1,synth_n05_L5p0km_hi0p1_s12h,0.0495,44.43,0.0045,-0.03
L1cp->L1,synth_n05_L5p0km_hi0p1_s2h,-0.4228,-787.2,-0.0806,-1.7
L1cp->L1,synth_n05_L5p0km_hi0p1_s6h,-0.253,-307.71,-0.0315,-1.16
L1cp->L1,synth_n05_L5p0km_hi0p4_s12h,-0.0022,-1.96,-0.0002,0.0
L1cp->L1,synth_n05_L5p0km_hi0p8_s2h,-0.452,-841.38,-0.0861,-1.53
L1cp->L1,synth_n15_L15p0km_hi0p1_s2h,-0.3621,-674.57,-0.0691,-0.75
L1cp->L1,synth_n15_L15p0km_hi0p1_s6h,-0.253,-307.71,-0.0315,-1.16
L1cp->L1,synth_n15_L15p0km_hi0p4_s2h,-0.3669,-683.46,-0.07,-0.81
L1cp->L1,synth_n15_L15p0km_hi0p8_s12h,-0.0475,-42.56,-0.0044,-0.09
L1cp->L1,synth_n15_L1p0km_hi0p1_s6h,-0.2728,-331.75,-0.034,-1.12
L1cp->L1,synth_n15_L1p0km_hi0p8_s2h,-0.3925,-731.04,-0.1548,-1.32
L1cp->L1,synth_n15_L1p0km_hi0p8_s6h,-0.2317,-281.91,-0.0289,-0.87
L1cp->L1,synth_n15_L5p0km_hi0p1_s12h,-0.0421,-37.72,-0.0039,0.16
L1cp->L1,synth_n15_L5p0km_hi0p1_s6h,-0.3003,-365.13,-0.0374,-1.13
L1cp->L1,synth_n15_L5p0km_hi0p4_s2h,-0.3754,-699.35,-0.0716,-0.78
L1cp->L1,synth_n15_L5p0km_hi0p8_s2h,-0.3755,-699.37,-0.0716,-0.78
L1cp->L1,synth_n30_L15p0km_hi0p1_s12h,-0.0793,-71.01,-0.0073,-0.14
L1cp->L1,synth_n30_L15p0km_hi0p1_s2h,-0.3621,-674.54,-0.0694,-0.75
L1cp->L1,synth_n30_L15p0km_hi0p1_s6h,-0.2728,-331.75,-0.034,-1.12
L1cp->L1,synth_n30_L15p0km_hi0p4_s12h,0.0061,5.45,0.0006,0.03
L1cp->L1,synth_n30_L15p0km_hi0p4_s2h,-0.3733,-695.32,-0.0712,-1.53
L1cp->L1,synth_n30_L15p0km_hi0p8_s6h,-0.3132,-380.68,-0.039,-1.1
L1cp->L1,synth_n30_L5p0km_hi0p1_s2h,-0.4076,-759.04,-0.0777,-1.78
L1cp->L1,synth_n30_L5p0km_hi0p1_s6h,-0.3003,-365.13,-0.0374,-1.13
L1cp->L1,synth_n30_L5p0km_hi0p4_s2h,-0.4016,-747.9,-0.0766,-1.6
L1cp->L1,synth_n30_L5p0km_hi0p8_s2h,-0.4266,-794.3,-0.0813,-1.57
L1cp->L1,synth_n30_L5p0km_hi0p8_s6h,-0.2497,-303.73,-0.0311,-1.5
L1->L2,synth_n05_L15p0km_hi0p1_s12h,44.5903,72176.52,7.3891,228.15
L1->L2,synth_n05_L15p0km_hi0p1_s6h,39.0351,77877.55,7.9719,249.91
L1->L2,synth_n05_L15p0km_hi0p4_s12h,44.6048,72186.4,7.3908,227.96
L1->L2,synth_n05_L15p0km_hi0p4_s6h,39.035,77877.13,7.9719,249.9
L1->L2,synth_n05_L15p0km_hi0p8_s2h,35.2774,101548.66,10.395,298.93
L1->L2,synth_n05_L15p0km_hi0p8_s6h,39.0238,77833.37,7.9682,249.38
L1->L2,synth_n05_L1p0km_hi0p4_s12h,4.4617,4183.96,0.4283,14.42
L1->L2,synth_n05_L1p0km_hi0p4_s2h,3.221,6199.51,0.6347,19.49
L1->L2,synth_n05_L1p0km_hi0p4_s6h,3.6608,4620.09,0.473,16.93
L1->L2,synth_n05_L5p0km_hi0p1_s12h,20.1163,22585.53,2.3122,74.92
L1->L2,synth_n05_L5p0km_hi0p1_s2h,15.3037,33641.63,3.4441,99.85
L1->L2,synth_n05_L5p0km_hi0p1_s6h,16.4739,23988.94,2.4556,82.7
L1->L2,synth_n05_L5p0km_hi0p4_s12h,20.1172,22575.15,2.3111,74.47
L1->L2,synth_n05_L5p0km_hi0p8_s2h,15.1153,33143.88,3.3928,101.47
L1->L2,synth_n15_L15p0km_hi0p1_s2h,34.8608,99701.67,10.2059,293.01
L1->L2,synth_n15_L15p0km_hi0p1_s6h,38.5956,76449.49,7.8257,245.29
L1->L2,synth_n15_L15p0km_hi0p4_s2h,34.9073,99901.15,10.2264,293.78
L1->L2,synth_n15_L15p0km_hi0p8_s12h,44.1965,70965.29,7.2651,223.88
L1->L2,synth_n15_L1p0km_hi0p1_s6h,3.5489,4474.37,2.6532,16.95
L1->L2,synth_n15_L1p0km_hi0p8_s2h,3.4056,6566.25,0.6722,20.78
L1->L2,synth_n15_L1p0km_hi0p8_s6h,3.4249,4314.32,0.4417,16.27
L1->L2,synth_n15_L5p0km_hi0p1_s12h,19.9054,22269.54,2.2796,73.03
L1->L2,synth_n15_L5p0km_hi0p1_s6h,16.218,23533.06,2.4094,80.85
L1->L2,synth_n15_L5p0km_hi0p4_s2h,14.724,32162.41,3.2926,97.39
L1->L2,synth_n15_L5p0km_hi0p8_s2h,14.5006,31591.54,3.2342,95.72
L1->L2,synth_n30_L15p0km_hi0p1_s12h,44.1733,70876.15,7.2574,223.85
L1->L2,synth_n30_L15p0km_hi0p1_s2h,34.9117,99925.12,10.2288,293.87
L1->L2,synth_n30_L15p0km_hi0p1_s6h,38.5954,76433.73,7.8249,245.31
L1->L2,synth_n30_L15p0km_hi0p4_s12h,44.1535,70879.84,7.2556,223.76
L1->L2,synth_n30_L15p0km_hi0p4_s2h,35.0064,100330.95,10.2714,295.86
L1->L2,synth_n30_L15p0km_hi0p8_s6h,38.3886,75738.62,7.7522,243.03
L1->L2,synth_n30_L5p0km_hi0p1_s2h,14.8292,32421.78,3.3195,99.65
L1->L2,synth_n30_L5p0km_hi0p1_s6h,16.2332,23559.35,2.4121,80.78
L1->L2,synth_n30_L5p0km_hi0p4_s2h,14.794,32333.37,3.3098,99.21
L1->L2,synth_n30_L5p0km_hi0p8_s2h,14.8712,32523.39,3.3303,99.6
L1->L2,synth_n30_L5p0km_hi0p8_s6h,16.1836,23485.37,2.4046,81.11
L2->L3,synth_n05_L15p0km_hi0p1_s12h,0.2427,393.82,0.0403,1.79
L2->L3,synth_n05_L15p0km_hi0p1_s6h,0.2258,451.5,0.0462,1.7
L2->L3,synth_n05_L15p0km_hi0p4_s12h,0.2357,382.28,0.0391,1.98
L2->L3,synth_n05_L15p0km_hi0p4_s6h,0.2357,471.35,0.0483,1.6
L2->L3,synth_n05_L15p0km_hi0p8_s2h,0.1564,451.0,0.0462,2.31
L2->L3,synth_n05_L15p0km_hi0p8_s6h,0.2397,479.18,0.0491,1.68
L2->L3,synth_n05_L1p0km_hi0p4_s12h,0.3189,299.97,0.0307,0.99
L2->L3,synth_n05_L1p0km_hi0p4_s2h,0.2257,435.34,0.0446,1.91
L2->L3,synth_n05_L1p0km_hi0p4_s6h,0.1334,168.57,0.0173,1.0
L2->L3,synth_n05_L5p0km_hi0p1_s12h,0.0984,110.59,0.0113,0.8
L2->L3,synth_n05_L5p0km_hi0p1_s2h,-0.1887,-414.04,-0.0424,1.98
L2->L3,synth_n05_L5p0km_hi0p1_s6h,0.1023,149.17,0.0153,0.99
L2->L3,synth_n05_L5p0km_hi0p4_s12h,0.1482,166.5,0.017,1.22
L2->L3,synth_n05_L5p0km_hi0p8_s2h,0.1178,258.52,0.0265,0.56
L2->L3,synth_n15_L15p0km_hi0p1_s2h,0.1306,373.92,0.0383,1.71
L2->L3,synth_n15_L15p0km_hi0p1_s6h,0.1321,262.06,0.0268,0.88
L2->L3,synth_n15_L15p0km_hi0p4_s2h,0.7639,2202.97,0.2255,7.62
L2->L3,synth_n15_L15p0km_hi0p8_s12h,0.1565,251.72,0.0258,1.37
L2->L3,synth_n15_L1p0km_hi0p1_s6h,0.1885,238.11,0.0244,0.5
L2->L3,synth_n15_L1p0km_hi0p8_s2h,0.2738,529.27,0.0542,2.19
L2->L3,synth_n15_L1p0km_hi0p8_s6h,0.264,333.39,0.0341,0.87
L2->L3,synth_n15_L5p0km_hi0p1_s12h,0.4137,464.76,0.0476,2.04
L2->L3,synth_n15_L5p0km_hi0p1_s6h,0.0431,62.63,0.0064,0.25
L2->L3,synth_n15_L5p0km_hi0p4_s2h,0.178,389.51,0.0399,1.54
L2->L3,synth_n15_L5p0km_hi0p8_s2h,0.1802,393.28,0.0403,1.01
L2->L3,synth_n30_L15p0km_hi0p1_s12h,0.3155,507.89,0.052,1.2
L2->L3,synth_n30_L15p0km_hi0p1_s2h,0.1288,369.26,0.0378,0.69
L2->L3,synth_n30_L15p0km_hi0p1_s6h,0.1684,334.11,0.0342,1.36
L2->L3,synth_n30_L15p0km_hi0p4_s12h,0.2279,366.62,0.0375,1.2
L2->L3,synth_n30_L15p0km_hi0p4_s2h,0.1618,464.62,0.0476,0.69
L2->L3,synth_n30_L15p0km_hi0p8_s6h,0.2047,404.72,0.0414,1.27
L2->L3,synth_n30_L5p0km_hi0p1_s2h,-0.1404,-306.6,-0.0314,-1.12
L2->L3,synth_n30_L5p0km_hi0p1_s6h,-0.0326,-47.28,-0.0048,0.17
L2->L3,synth_n30_L5p0km_hi0p4_s2h,-0.0019,-4.25,-0.0004,-0.19
L2->L3,synth_n30_L5p0km_hi0p8_s2h,-0.1521,-332.07,-0.034,-0.7
L2->L3,synth_n30_L5p0km_hi0p8_s6h,0.0486,70.51,0.0072,0.22
L1cp->L2,synth_n05_L15p0km_hi0p1_s12h,44.6177,72220.95,7.3936,228.12
L1cp->L2,synth_n05_L15p0km_hi0p1_s6h,38.8809,77569.84,7.9404,248.74
L1cp->L2,synth_n05_L15p0km_hi0p4_s12h,44.6072,72190.32,7.3912,227.84
L1cp->L2,synth_n05_L15p0km_hi0p4_s6h,38.8808,77569.43,7.9404,248.74
L1cp->L2,synth_n05_L15p0km_hi0p8_s2h,35.0471,100885.69,10.3271,297.66
L1cp->L2,synth_n05_L15p0km_hi0p8_s6h,38.8639,77514.49,7.9356,248.54
L1cp->L2,synth_n05_L1p0km_hi0p4_s12h,4.4029,4128.79,0.4227,14.57
L1cp->L2,synth_n05_L1p0km_hi0p4_s2h,2.8576,5500.13,0.5631,18.71
L1cp->L2,synth_n05_L1p0km_hi0p4_s6h,3.3817,4267.9,0.437,15.75
L1cp->L2,synth_n05_L5p0km_hi0p1_s12h,20.1558,22629.96,2.3167,74.89
L1cp->L2,synth_n05_L5p0km_hi0p1_s2h,14.9456,32854.43,3.3635,98.15
L1cp->L2,synth_n05_L5p0km_hi0p1_s6h,16.2626,23681.23,2.4241,81.53
L1cp->L2,synth_n05_L5p0km_hi0p4_s12h,20.1154,22573.18,2.3109,74.47
L1cp->L2,synth_n05_L5p0km_hi0p8_s2h,14.7315,32302.5,3.3066,99.94
L1cp->L2,synth_n15_L15p0km_hi0p1_s2h,34.625,99027.1,10.1369,292.26
L1cp->L2,synth_n15_L15p0km_hi0p1_s6h,38.4403,76141.79,7.7942,244.13
L1cp->L2,synth_n15_L15p0km_hi0p4_s2h,34.6685,99217.69,10.1564,292.97
L1cp->L2,synth_n15_L15p0km_hi0p8_s12h,44.1699,70922.73,7.2607,223.78
L1cp->L2,synth_n15_L1p0km_hi0p1_s6h,3.2857,4142.62,2.4565,15.83
L1cp->L2,synth_n15_L1p0km_hi0p8_s2h,3.0264,5835.2,0.5973,19.46
L1cp->L2,synth_n15_L1p0km_hi0p8_s6h,3.2011,4032.41,0.4129,15.4
L1cp->L2,synth_n15_L5p0km_hi0p1_s12h,19.8717,22231.81,2.2758,73.19
L1cp->L2,synth_n15_L5p0km_hi0p1_s6h,15.9664,23167.93,2.3721,79.72
L1cp->L2,synth_n15_L5p0km_hi0p4_s2h,14.4039,31463.06,3.221,96.61
L1cp->L2,synth_n15_L5p0km_hi0p8_s2h,14.1796,30892.17,3.1626,94.93
L1cp->L2,synth_n30_L15p0km_hi0p1_s12h,44.129,70805.14,7.2501,223.71
L1cp->L2,synth_n30_L15p0km_hi0p1_s2h,34.676,99250.58,10.1598,293.12
L1cp->L2,synth_n30_L15p0km_hi0p1_s6h,38.4279,76101.98,7.7909,244.19
L1cp->L2,synth_n30_L15p0km_hi0p4_s12h,44.1569,70885.29,7.2562,223.79
L1cp->L2,synth_n30_L15p0km_hi0p4_s2h,34.7638,99635.63,10.2002,294.33
L1cp->L2,synth_n30_L15p0km_hi0p8_s6h,38.1957,75357.94,7.7132,241.93
L1cp->L2,synth_n30_L5p0km_hi0p1_s2h,14.482,31662.74,3.2418,97.87
L1cp->L2,synth_n30_L5p0km_hi0p1_s6h,15.9816,23194.22,2.3747,79.65
L1cp->L2,synth_n30_L5p0km_hi0p4_s2h,14.4518,31585.47,3.2332,97.61
L1cp->L2,synth_n30_L5p0km_hi0p8_s2h,14.508,31729.09,3.2489,98.03
L1cp->L2,synth_n30_L5p0km_hi0p8_s6h,15.9743,23181.63,2.3735,79.61
L3->L3plus,synth_n05_L15p0km_hi0p1_s12h,0.0,0.0,0.0,0.0
L3->L3plus,synth_n05_L15p0km_hi0p1_s6h,0.0,0.0,0.0,0.0
L3->L3plus,synth_n05_L15p0km_hi0p4_s12h,0.0,0.0,0.0,0.0
L3->L3plus,synth_n05_L15p0km_hi0p4_s6h,0.0,0.0,0.0,0.0
L3->L3plus,synth_n05_L15p0km_hi0p8_s2h,0.0,0.0,0.0,0.0
L3->L3plus,synth_n05_L15p0km_hi0p8_s6h,0.0,0.0,0.0,0.0
L3->L3plus,synth_n05_L1p0km_hi0p4_s12h,0.0,0.0,0.0,0.0
L3->L3plus,synth_n05_L1p0km_hi0p4_s2h,0.0,0.0,0.0,0.0
L3->L3plus,synth_n05_L1p0km_hi0p4_s6h,0.0,0.0,0.0,0.0
L3->L3plus,synth_n05_L5p0km_hi0p1_s12h,0.0,0.0,0.0,0.0
L3->L3plus,synth_n05_L5p0km_hi0p1_s2h,0.0,0.0,0.0,0.0
L3->L3plus,synth_n05_L5p0km_hi0p1_s6h,0.0,0.0,0.0,0.0
L3->L3plus,synth_n05_L5p0km_hi0p4_s12h,0.0,0.0,0.0,0.0
L3->L3plus,synth_n05_L5p0km_hi0p8_s2h,0.0,0.0,0.0,0.0
L3->L3plus,synth_n15_L15p0km_hi0p1_s2h,0.0,0.0,0.0,0.0
L3->L3plus,synth_n15_L15p0km_hi0p1_s6h,0.0,0.0,0.0,0.0
L3->L3plus,synth_n15_L15p0km_hi0p4_s2h,0.0,0.0,0.0,0.0
L3->L3plus,synth_n15_L15p0km_hi0p8_s12h,0.0,0.0,0.0,0.0
L3->L3plus,synth_n15_L1p0km_hi0p1_s6h,0.0,0.0,0.0,0.0
L3->L3plus,synth_n15_L1p0km_hi0p8_s2h,0.0,0.0,0.0,0.0
L3->L3plus,synth_n15_L1p0km_hi0p8_s6h,0.0,0.0,0.0,0.0
L3->L3plus,synth_n15_L5p0km_hi0p1_s12h,0.0,0.0,0.0,0.0
L3->L3plus,synth_n15_L5p0km_hi0p1_s6h,0.0,0.0,0.0,0.0
L3->L3plus,synth_n15_L5p0km_hi0p4_s2h,0.0,0.0,0.0,0.0
L3->L3plus,synth_n15_L5p0km_hi0p8_s2h,0.0,0.0,0.0,0.0
L3->L3plus,synth_n30_L15p0km_hi0p1_s12h,0.0,0.0,0.0,0.0
L3->L3plus,synth_n30_L15p0km_hi0p1_s2h,0.0,0.0,0.0,0.0
L3->L3plus,synth_n30_L15p0km_hi0p1_s6h,0.0,0.0,0.0,0.0
L3->L3plus,synth_n30_L15p0km_hi0p4_s12h,0.0,0.0,0.0,0.0
L3->L3plus,synth_n30_L15p0km_hi0p4_s2h,0.0,0.0,0.0,0.0
L3->L3plus,synth_n30_L15p0km_hi0p8_s6h,0.0,0.0,0.0,0.0
L3->L3plus,synth_n30_L5p0km_hi0p1_s2h,0.0,0.0,0.0,0.0
L3->L3plus,synth_n30_L5p0km_hi0p1_s6h,0.0,0.0,0.0,0.0
L3->L3plus,synth_n30_L5p0km_hi0p4_s2h,0.0,0.0,0.0,0.0
L3->L3plus,synth_n30_L5p0km_hi0p8_s2h,0.0,0.0,0.0,0.0
L3->L3plus,synth_n30_L5p0km_hi0p8_s6h,0.0,0.0,0.0,0.0
