scenario_id,network,heat_curve_stage,tes_node,baseline,TAC_eur_per_a,CAPEX_annual_eur_per_a,OPEX_annual_eur_per_a,LCOH_eur_per_MWh,payback_years,cost_reduction_pct,NPV_eur,co2_t_per_a,co2_reduction_pct,electrification_pct,renewable_heat_pct,Q_WP_opt_MW,Q_EK_opt_MW,V_TES_m3,h_TES_m,E_TES_MWh,TES_cycles_per_a,TES_utilization_pct,WP_hours_per_a,COP_annual_mean,pump_energy_MWh_el_per_a,waste_heat_utilization_pct,DSM_activation_MWh_per_a,k_opt,T_VL_min_opt_c,T_VL_avg_c,p_max_bar,p_min_bar,endog_site
_DIAG-SB-S1-HK0-168h,stadtbach,HK0,S1,False,321360.0,99450.0,221910.0,15.09,,97.09,133417543.0,633.6,98.44,31.93,31.93,46.13,0.0,21518.7,62.71,365.0,,0.0,158,3.01,,,,1.0,70.0,,,,
_DIAG-SB-S2-HK0-168h,stadtbach,HK0,S2,False,125632.0,74159.0,51473.0,5.9,,98.86,135856744.0,29.1,99.93,2.58,2.58,7.89,0.0,30126.2,70.15,511.0,,0.0,70,3.08,,,,1.0,70.0,,,,
_DIAG-SB-S2-HK0-744h,stadtbach,HK0,S2,False,469745.0,362619.0,107126.0,5.02,,95.74,131568344.0,1279.9,96.84,2.45,2.45,5.3,0.0,25822.5,66.64,438.0,,0.0,441,3.07,,,,1.0,70.0,,,,
BC-MM,memmingen,TVLFIX,,True,505182.0,9568.0,495614.0,51.72,,0.0,3.0,500.8,-0.01,0.0,0.0,0.0,0.0,,,,,,0,,,,,,,85.66,20.0,8.718,
BC-MM-DIAGJAN,memmingen,TVLFIX,,True,71737.0,1077.0,70660.0,46.12,,85.8,5401681.0,67.4,86.55,0.0,0.0,0.0,0.0,,,,,,0,,,,,,,85.66,20.0,8.927,
BC-SB,stadtbach,TVLFIX,,True,11027129.0,548674.0,10478455.0,17.23,,0.0,2.0,40538.0,-0.0,0.0,0.0,0.0,0.0,,,,,,0,,,,,,,100.56,20.0,5.6,
MM-P1REF,memmingen,TVLFIX,,False,489996.0,14825.0,475171.0,50.16,0.3,3.01,189249.0,514.4,-2.72,7.88,7.88,1.26,0.0,,,,,,693,3.29,,,,,,85.66,20.0,1.2,
MM-P1REF-DIAGJAN,memmingen,TVLFIX,,False,88935.0,26767.0,62169.0,57.18,0.0,82.4,5187355.0,75.3,84.97,11.39,11.39,1.51,0.51,,,,,,153,3.34,,,,,,85.66,20.0,8.927,
MM-P1REF-DIAGJAN2,memmingen,TVLFIX,,False,88935.0,26767.0,62169.0,57.18,0.0,82.4,5187355.0,75.3,84.97,11.39,11.39,1.51,0.51,,,,,,153,3.34,,,,,,85.66,20.0,8.927,
MM-P1REF-DIAGJAN3,memmingen,TVLFIX,,False,64769.0,2573.0,62197.0,41.64,,87.18,5488517.0,75.2,84.98,11.37,11.37,1.51,0.51,,,,,,153,3.34,,,,,,85.66,20.0,8.927,
MM-S0-DIAGSHORT-NEVERCAMPAIGN,memmingen,HK0,,False,89783.0,9479.0,80304.0,31.81,,82.23,5176789.0,133.0,73.43,34.46,34.46,0.94,0.0,,,,,,1395,3.31,,,,1.0,74.0,92.35,20.0,9.515,
MM-S0-HK0,memmingen,HK0,,False,346175.0,53193.0,292982.0,35.44,0.2,31.48,1981574.0,481.4,3.87,25.32,25.32,0.66,0.09,,,,,,5388,3.36,,,,1.0,74.0,88.47,20.0,1.2,
MM-S0-HK1,memmingen,HK1,,False,339835.0,53475.0,286361.0,34.79,0.2,32.73,2060585.0,472.0,5.75,25.52,25.52,0.67,0.09,,,,,,5388,3.51,,,,0.8,70.0,83.99,20.0,1.2,
MM-S0-HK2,memmingen,HK2,,False,333303.0,55860.0,277442.0,34.12,0.2,34.02,2141998.0,464.3,7.28,26.24,26.24,0.71,0.09,,,,,,5322,3.7,,,,0.6,66.0,81.91,20.0,1.2,
MM-S0-TVLFIX,memmingen,TVLFIX,,False,346267.0,55802.0,290465.0,35.45,0.2,31.46,1980433.0,485.6,3.04,26.0,26.0,0.7,0.09,,,,,,5310,3.37,,,,,,85.66,20.0,1.2,
MM-S1-HK0,memmingen,HK0,S1,False,343944.0,67970.0,275974.0,35.21,0.3,31.92,2009377.0,516.5,-3.14,26.29,26.29,0.65,0.0,82.5,9.82,1.4,204.8,47.74,5511,3.37,,,,1.0,74.0,88.47,20.0,1.2,
MM-S1-HK1,memmingen,HK1,S1,False,342592.0,73227.0,269366.0,35.07,0.3,32.18,2026227.0,505.2,-0.87,25.57,25.57,0.61,0.08,165.1,12.37,2.8,102.5,41.37,5619,3.53,,,,0.8,70.0,83.99,20.0,1.2,
MM-S1-HK2,memmingen,HK2,S1,False,328948.0,70388.0,258560.0,33.68,0.3,34.89,2196260.0,495.1,1.14,26.71,26.71,0.67,0.09,82.5,9.82,1.4,206.1,45.98,5487,3.71,,,,0.6,66.0,81.91,20.0,1.2,
MM-S2-HK0,memmingen,HK0,S2,False,346334.0,51729.0,294605.0,35.46,0.2,31.44,1979603.0,479.2,4.31,25.05,25.05,0.63,0.09,0.0,0.07,0.0,,,5442,3.36,,,,1.0,74.0,88.47,10.0,1.2,
MM-S2-HK1,memmingen,HK1,S2,False,358949.0,34220.0,324729.0,36.75,0.1,28.95,1822389.0,434.4,13.27,18.73,18.73,0.38,0.07,,,,,,6225,3.55,,,,0.8,70.0,83.99,10.0,1.2,
MM-S2-HK2,memmingen,HK2,S2,False,335067.0,56057.0,279010.0,34.3,0.2,33.67,2120004.0,463.9,7.37,26.41,26.41,0.71,0.09,,,,,,5331,3.7,,,,0.6,66.0,81.91,10.0,1.2,
MM-S3-HK0,memmingen,HK0,S3,False,335288.0,68906.0,266382.0,34.33,0.3,33.63,2117250.0,463.3,7.5,24.76,24.76,0.73,0.0,68.0,9.2,2.8,171.9,47.91,5486,2.75,,,,1.0,74.0,88.47,10.0,1.2,
MM-S3-HK1,memmingen,HK1,S3,False,328052.0,67482.0,260570.0,33.58,0.2,35.06,2207425.0,451.8,9.78,25.21,25.21,0.73,0.0,55.0,8.58,2.8,161.4,47.97,5584,2.89,,,,0.8,70.0,83.99,10.0,1.2,
MM-S3-HK2,memmingen,HK2,S3,False,321377.0,67627.0,253750.0,32.9,0.2,36.38,2290612.0,440.5,12.04,25.69,25.69,0.75,0.0,50.5,8.34,2.8,155.9,47.75,5634,3.05,,,,0.6,66.0,83.99,10.0,1.2,
MM-S4-HK0,memmingen,HK0,,False,7553889.0,5431.0,7548458.0,773.33,,-1395.28,-87842474.0,2633.6,-425.88,0.0,0.0,0.0,0.0,,,,,,0,,,,,1.0,74.0,88.47,,,j_9
MM-S4-HK0__hp_j_12__tes_j_1,memmingen,HK0,,False,449863.0,91141.0,358722.0,46.05,0.6,10.95,689396.0,446.9,10.76,17.83,17.83,0.33,0.0,660.3,19.63,11.2,37.0,15.83,6730,3.4,,,,1.0,74.0,,,,j_1
MM-S4-HK0__hp_j_12__tes_j_12,memmingen,HK0,,False,1847638.0,4710.0,1842927.0,189.15,,-265.74,-16729964.0,776.6,-55.07,0.0,0.0,0.0,0.0,,,,,,0,,,,,1.0,74.0,,,,j_12
MM-S4-HK0__hp_j_12__tes_j_13,memmingen,HK0,,False,636810.0,22829.0,613981.0,65.19,,-26.06,-1640374.0,458.1,8.53,8.9,8.9,0.15,0.25,,,,,,7604,3.42,,,,1.0,74.0,,,,j_13
MM-S4-HK0__hp_j_12__tes_j_3,memmingen,HK0,,False,2372302.0,34696.0,2337606.0,242.86,,-369.59,-23268439.0,993.9,-98.46,0.0,0.0,0.0,0.0,330.1,15.58,5.6,5.6,32.56,0,,,,,1.0,74.0,,,,j_3
MM-S4-HK0__hp_j_12__tes_j_5,memmingen,HK0,,False,480787.0,33936.0,446850.0,49.22,0.5,4.83,304020.0,384.3,23.26,9.03,9.03,0.14,0.16,82.5,9.82,1.4,4.9,70.25,7722,3.43,,,,1.0,74.0,,,,j_5
MM-S4-HK0__hp_j_12__tes_j_9,memmingen,HK0,,False,1226571.0,9600.0,1216971.0,125.57,,-142.8,-8990104.0,613.5,-22.5,0.0,0.0,0.0,0.0,,,,,,0,,,,,1.0,74.0,,,,j_9
MM-S4-HK0__hp_j_13__tes_j_1,memmingen,HK0,,False,490077.0,15433.0,474644.0,50.17,0.3,2.99,188241.0,537.4,-7.31,0.0,0.0,0.0,0.18,,,,,,0,,,,,1.0,74.0,,,,j_1
MM-S4-HK0__hp_j_13__tes_j_12,memmingen,HK0,,False,2807023.0,6280.0,2800743.0,287.37,,-455.65,-28686028.0,1680.8,-235.63,0.0,0.0,0.0,0.0,,,,,,0,,,,,1.0,74.0,,,,j_12
MM-S4-HK0__hp_j_13__tes_j_13,memmingen,HK0,,False,457253.0,21161.0,436091.0,46.81,0.2,9.49,597305.0,462.9,7.56,7.21,7.21,0.12,0.0,,,,,,7649,3.42,,,,1.0,74.0,,,,j_13
MM-S4-HK0__hp_j_13__tes_j_3,memmingen,HK0,,False,670836.0,22725.0,648111.0,68.68,,-32.79,-2064410.0,514.1,-2.66,0.0,0.0,0.0,0.0,82.5,9.82,1.4,22.3,40.17,0,,,,,1.0,74.0,,,,j_3
MM-S4-HK0__hp_j_13__tes_j_5,memmingen,HK0,,False,572914.0,8687.0,564227.0,58.65,,-13.41,-844086.0,481.3,3.89,0.0,0.0,0.0,0.0,,,,,,0,,,,,1.0,74.0,,,,j_5
MM-S4-HK0__hp_j_13__tes_j_9,memmingen,HK0,,False,593418.0,13036.0,580382.0,60.75,,-17.47,-1099618.0,531.3,-6.1,0.0,0.0,0.0,0.09,,,,,,0,,,,,1.0,74.0,,,,j_9
MM-S4-HK0__hp_j_1__tes_j_1,memmingen,HK0,,False,477898.0,61642.0,416256.0,48.92,0.7,5.4,340013.0,560.1,-11.85,35.83,35.83,0.76,0.14,,,,,,6394,3.44,,,,1.0,74.0,,,,j_1
MM-S4-HK0__hp_j_1__tes_j_12,memmingen,HK0,,False,475912.0,58183.0,417729.0,48.72,0.6,5.79,364765.0,555.0,-10.82,34.14,34.14,0.71,0.12,,,,,,6468,3.45,,,,1.0,74.0,,,,j_12
MM-S4-HK0__hp_j_1__tes_j_13,memmingen,HK0,,False,472578.0,45279.0,427299.0,48.38,0.5,6.45,406316.0,519.6,-3.75,27.14,27.14,0.52,0.08,,,,,,6747,3.45,,,,1.0,74.0,,,,j_13
MM-S4-HK0__hp_j_1__tes_j_3,memmingen,HK0,,False,448125.0,57857.0,390268.0,45.88,0.5,11.29,711061.0,532.9,-6.4,28.35,28.35,0.55,0.0,82.5,9.82,1.4,22.3,37.75,6620,3.45,,,,1.0,74.0,,,,j_3
MM-S4-HK0__hp_j_1__tes_j_5,memmingen,HK0,,False,472077.0,43759.0,428318.0,48.33,0.5,6.55,412561.0,516.8,-3.2,26.29,26.29,0.5,0.08,,,,,,6742,3.45,,,,1.0,74.0,,,,j_5
MM-S4-HK0__hp_j_1__tes_j_9,memmingen,HK0,,False,470886.0,43091.0,427795.0,48.21,0.5,6.79,427403.0,521.1,-4.05,27.02,27.02,0.52,0.0,,,,,,6774,3.45,,,,1.0,74.0,,,,j_9
MM-S4-HK0__hp_j_3__tes_j_1,memmingen,HK0,,False,345652.0,100593.0,245059.0,35.39,0.4,31.58,1988095.0,423.8,15.38,38.93,38.93,0.77,0.0,495.2,17.84,8.4,98.9,44.47,6968,3.4,,,,1.0,74.0,,,,j_1
MM-S4-HK0__hp_j_3__tes_j_12,memmingen,HK0,,False,332744.0,73905.0,258839.0,34.06,0.3,34.13,2148957.0,478.0,4.56,38.83,38.83,0.98,0.16,,,,,,6209,3.37,,,,1.0,74.0,,,,j_12
MM-S4-HK0__hp_j_3__tes_j_13,memmingen,HK0,,False,343741.0,93856.0,249886.0,35.19,0.3,31.96,2011907.0,483.1,3.53,38.64,38.64,0.97,0.17,165.1,12.37,2.8,0.5,46.87,6150,3.37,,,,1.0,74.0,,,,j_13
MM-S4-HK0__hp_j_3__tes_j_3,memmingen,HK0,,False,588079.0,714.0,587365.0,60.2,,-16.41,-1033082.0,353.8,29.36,0.0,0.0,0.0,0.0,,,,,,0,,,,,1.0,74.0,,,,j_3
MM-S4-HK0__hp_j_3__tes_j_5,memmingen,HK0,,False,396205.0,65554.0,330651.0,40.56,0.3,21.57,1358098.0,463.5,7.45,37.86,37.86,0.91,0.0,,,,,,6421,3.38,,,,1.0,74.0,,,,j_5
MM-S4-HK0__hp_j_3__tes_j_9,memmingen,HK0,,False,329965.0,69758.0,260207.0,33.78,0.3,34.68,2183595.0,472.9,5.57,37.89,37.89,0.9,0.17,,,,,,6296,3.38,,,,1.0,74.0,,,,j_9
MM-S4-HK0__hp_j_5__tes_j_1,memmingen,HK0,,False,414821.0,60180.0,354641.0,42.47,0.4,17.89,1126098.0,481.3,3.9,17.15,17.15,0.41,0.03,165.1,12.37,2.8,72.2,28.66,5942,3.37,,,,1.0,74.0,,,,j_1
MM-S4-HK0__hp_j_5__tes_j_12,memmingen,HK0,,False,992518.0,28642.0,963875.0,101.61,,-96.47,-6073281.0,538.9,-7.62,13.15,13.15,0.28,0.06,,,,,,6285,3.39,,,,1.0,74.0,,,,j_12
MM-S4-HK0__hp_j_5__tes_j_13,memmingen,HK0,,False,425275.0,38144.0,387131.0,43.54,0.3,15.82,995818.0,450.6,10.02,16.8,16.8,0.42,0.07,,,,,,5688,3.36,,,,1.0,74.0,,,,j_13
MM-S4-HK0__hp_j_5__tes_j_3,memmingen,HK0,,False,1058403.0,12164.0,1046239.0,108.35,,-109.51,-6894362.0,588.4,-17.5,0.0,0.0,0.0,0.39,,,,,,0,,,,,1.0,74.0,,,,j_3
MM-S4-HK0__hp_j_5__tes_j_5,memmingen,HK0,,False,1763709.0,18420.0,1745289.0,180.56,,-249.12,-15684030.0,723.0,-44.38,6.18,6.18,0.13,0.13,,,,,,5023,3.38,,,,1.0,74.0,,,,j_5
MM-S4-HK0__hp_j_5__tes_j_9,memmingen,HK0,,False,637694.0,5226.0,632468.0,65.28,,-26.23,-1651395.0,427.0,14.73,0.0,0.0,0.0,0.0,,,,,,0,,,,,1.0,74.0,,,,j_9
MM-S4-HK0__hp_j_9__tes_j_1,memmingen,HK0,,False,571568.0,20666.0,550902.0,58.51,,-13.14,-827319.0,361.4,27.84,2.92,2.92,0.22,0.09,,,,,,2416,3.48,,,,1.0,74.0,,,,j_1
MM-S4-HK0__hp_j_9__tes_j_12,memmingen,HK0,,False,691573.0,31240.0,660333.0,70.8,,-36.9,-2322850.0,482.0,3.75,22.44,22.44,0.41,0.0,,,,,,7356,3.41,,,,1.0,74.0,,,,j_12
MM-S4-HK0__hp_j_9__tes_j_13,memmingen,HK0,,False,422014.0,22644.0,399370.0,43.2,0.1,16.46,1036458.0,419.5,16.24,11.77,11.77,0.17,0.0,,,,,,8225,3.44,,,,1.0,74.0,,,,j_13
MM-S4-HK0__hp_j_9__tes_j_3,memmingen,HK0,,False,873348.0,59024.0,814324.0,89.41,,-72.88,-4588158.0,640.2,-27.83,31.82,31.82,0.89,0.0,,,,,,5848,3.37,,,,1.0,74.0,,,,j_3
MM-S4-HK0__hp_j_9__tes_j_5,memmingen,HK0,,False,2982573.0,126757.0,2855816.0,305.34,,-490.4,-30873773.0,1269.2,-153.43,24.92,24.92,1.54,0.0,330.1,15.58,5.6,1.2,60.5,3449,3.34,,,,1.0,74.0,,,,j_5
MM-S4-HK0__hp_j_9__tes_j_9,memmingen,HK0,,False,1057608.0,1722.0,1055886.0,108.27,,-109.35,-6884447.0,482.1,3.74,0.0,0.0,0.0,0.0,,,,,,0,,,,,1.0,74.0,,,,j_9
MM-S4-HK1__hp_j_12__tes_j_1,memmingen,HK1,,False,643416.0,175450.0,467966.0,65.87,6.0,-27.36,-1722697.0,444.3,11.28,0.0,0.0,0.0,0.0,1980.9,28.31,33.6,48.6,10.55,0,,,,,0.8,70.0,,,,j_1
MM-S4-HK1__hp_j_12__tes_j_12,memmingen,HK1,,False,449888.0,32880.0,417008.0,46.06,0.3,10.95,689086.0,419.3,16.28,18.94,18.94,0.4,0.0,,,,,,5934,3.54,,,,0.8,70.0,,,,j_12
MM-S4-HK1__hp_j_12__tes_j_13,memmingen,HK1,,False,431580.0,60913.0,370667.0,44.18,0.4,14.57,917246.0,462.2,7.7,27.64,27.64,0.82,0.0,,,,,,5108,3.5,,,,0.8,70.0,,,,j_13
MM-S4-HK1__hp_j_12__tes_j_3,memmingen,HK1,,False,589207.0,7758.0,581449.0,60.32,,-16.63,-1047134.0,455.8,8.99,0.0,0.0,0.0,0.0,,,,,,0,,,,,0.8,70.0,,,,j_3
MM-S4-HK1__hp_j_12__tes_j_5,memmingen,HK1,,False,388780.0,44650.0,344130.0,39.8,0.2,23.04,1450623.0,449.5,10.25,23.22,23.22,0.53,0.08,,,,,,5701,3.53,,,,0.8,70.0,,,,j_5
MM-S4-HK1__hp_j_12__tes_j_9,memmingen,HK1,,False,681570.0,12242.0,669328.0,69.78,,-34.92,-2198185.0,474.9,5.16,0.0,0.0,0.0,0.28,,,,,,0,,,,,0.8,70.0,,,,j_9
MM-S4-HK1__hp_j_13__tes_j_1,memmingen,HK1,,False,502880.0,14282.0,488598.0,51.48,0.7,0.46,28691.0,522.6,-4.36,0.0,0.0,0.0,0.17,,,,,,0,,,,,0.8,70.0,,,,j_1
MM-S4-HK1__hp_j_13__tes_j_12,memmingen,HK1,,False,776103.0,12619.0,763483.0,79.45,,-53.63,-3376269.0,565.8,-12.97,0.0,0.0,0.0,0.07,,,,,,0,,,,,0.8,70.0,,,,j_12
MM-S4-HK1__hp_j_13__tes_j_13,memmingen,HK1,,False,546054.0,22589.0,523465.0,55.9,,-8.09,-509360.0,497.4,0.69,0.0,0.0,0.0,0.0,82.5,9.82,1.4,0.8,45.23,0,,,,,0.8,70.0,,,,j_13
MM-S4-HK1__hp_j_13__tes_j_3,memmingen,HK1,,False,455200.0,19635.0,435565.0,46.6,0.2,9.89,622886.0,469.8,6.18,5.56,5.56,0.09,0.0,,,,,,7335,3.61,,,,0.8,70.0,,,,j_3
MM-S4-HK1__hp_j_13__tes_j_5,memmingen,HK1,,False,532392.0,9572.0,522820.0,54.5,,-5.39,-339102.0,498.4,0.47,0.0,0.0,0.0,0.0,,,,,,0,,,,,0.8,70.0,,,,j_5
MM-S4-HK1__hp_j_13__tes_j_9,memmingen,HK1,,False,509768.0,17920.0,491848.0,52.19,2.2,-0.91,-57153.0,492.9,1.57,1.97,1.97,0.03,0.08,,,,,,7704,3.64,,,,0.8,70.0,,,,j_9
MM-S4-HK1__hp_j_1__tes_j_1,memmingen,HK1,,False,463077.0,56630.0,406447.0,47.41,0.5,8.33,524721.0,544.4,-8.71,35.47,35.47,0.71,0.1,,,,,,6837,3.62,,,,0.8,70.0,,,,j_1
MM-S4-HK1__hp_j_1__tes_j_12,memmingen,HK1,,False,456884.0,52989.0,403895.0,46.77,0.5,9.56,601896.0,543.8,-8.59,34.5,34.5,0.69,0.0,,,,,,6762,3.62,,,,0.8,70.0,,,,j_12
MM-S4-HK1__hp_j_1__tes_j_13,memmingen,HK1,,False,454904.0,42453.0,412451.0,46.57,0.4,9.95,626576.0,511.3,-2.09,28.31,28.31,0.53,0.0,,,,,,6984,3.63,,,,0.8,70.0,,,,j_13
MM-S4-HK1__hp_j_1__tes_j_3,memmingen,HK1,,False,443529.0,59082.0,384447.0,45.41,0.4,12.2,768328.0,528.2,-5.46,31.21,31.21,0.58,0.0,82.5,9.82,1.4,17.3,26.32,6947,3.63,,,,0.8,70.0,,,,j_3
MM-S4-HK1__hp_j_1__tes_j_5,memmingen,HK1,,False,461478.0,57380.0,404098.0,47.24,0.5,8.65,544647.0,520.6,-3.95,30.11,30.11,0.56,0.0,82.5,9.82,1.4,3.8,37.18,6936,3.63,,,,0.8,70.0,,,,j_5
MM-S4-HK1__hp_j_1__tes_j_9,memmingen,HK1,,False,456954.0,53165.0,403790.0,46.78,0.5,9.55,601022.0,543.9,-8.61,34.6,34.6,0.7,0.0,,,,,,6762,3.62,,,,0.8,70.0,,,,j_9
MM-S4-HK1__hp_j_3__tes_j_1,memmingen,HK1,,False,383059.0,75172.0,307887.0,39.22,0.3,24.17,1521923.0,454.7,9.21,39.32,39.32,1.06,0.0,,,,,,5991,3.52,,,,0.8,70.0,,,,j_1
MM-S4-HK1__hp_j_3__tes_j_12,memmingen,HK1,,False,380076.0,66611.0,313465.0,38.91,0.3,24.76,1559099.0,446.5,10.84,38.18,38.18,0.92,0.0,,,,,,6287,3.53,,,,0.8,70.0,,,,j_12
MM-S4-HK1__hp_j_3__tes_j_13,memmingen,HK1,,False,353183.0,29765.0,323418.0,36.16,0.1,30.09,1894241.0,376.9,24.74,23.84,23.84,0.38,0.0,,,,,,7755,3.6,,,,0.8,70.0,,,,j_13
MM-S4-HK1__hp_j_3__tes_j_3,memmingen,HK1,,False,535507.0,8655.0,526852.0,54.82,,-6.0,-377915.0,474.8,5.19,0.0,0.0,0.0,0.0,,,,,,0,,,,,0.8,70.0,,,,j_3
MM-S4-HK1__hp_j_3__tes_j_5,memmingen,HK1,,False,379542.0,64746.0,314796.0,38.86,0.3,24.87,1565752.0,444.2,11.3,37.74,37.74,0.89,0.0,,,,,,6316,3.54,,,,0.8,70.0,,,,j_5
MM-S4-HK1__hp_j_3__tes_j_9,memmingen,HK1,,False,379126.0,66107.0,313019.0,38.81,0.3,24.95,1570937.0,446.2,10.9,38.03,38.03,0.92,0.0,,,,,,6270,3.53,,,,0.8,70.0,,,,j_9
MM-S4-HK1__hp_j_5__tes_j_1,memmingen,HK1,,False,703678.0,250511.0,453167.0,72.04,5.7,-39.29,-2473700.0,510.0,-1.83,0.0,0.0,0.0,0.0,2971.3,32.41,50.4,6.9,6.68,0,,,,,0.8,70.0,,,,j_1
MM-S4-HK1__hp_j_5__tes_j_12,memmingen,HK1,,False,482079.0,18091.0,463988.0,49.35,0.3,4.57,287913.0,443.1,11.53,5.66,5.66,0.08,0.0,,,,,,8028,3.61,,,,0.8,70.0,,,,j_12
MM-S4-HK1__hp_j_5__tes_j_13,memmingen,HK1,,False,443494.0,28211.0,415283.0,45.4,0.2,12.21,768774.0,427.6,14.62,13.38,13.38,0.28,0.0,,,,,,6265,3.55,,,,0.8,70.0,,,,j_13
MM-S4-HK1__hp_j_5__tes_j_3,memmingen,HK1,,False,533010.0,9539.0,523471.0,54.57,,-5.51,-346804.0,497.8,0.59,0.0,0.0,0.0,0.0,,,,,,0,,,,,0.8,70.0,,,,j_3
MM-S4-HK1__hp_j_5__tes_j_5,memmingen,HK1,,False,585981.0,21128.0,564854.0,59.99,,-15.99,-1006940.0,462.4,7.68,4.51,4.51,0.13,0.0,,,,,,3579,3.5,,,,0.8,70.0,,,,j_5
MM-S4-HK1__hp_j_5__tes_j_9,memmingen,HK1,,False,550501.0,18255.0,532246.0,56.36,,-8.97,-564773.0,472.7,5.61,5.18,5.18,0.08,0.0,,,,,,8081,3.61,,,,0.8,70.0,,,,j_9
MM-S4-HK1__hp_j_9__tes_j_1,memmingen,HK1,,False,481581.0,31467.0,450114.0,49.3,0.5,4.67,294119.0,532.6,-6.35,0.0,0.0,0.0,0.0,165.1,12.37,2.8,52.1,25.22,0,,,,,0.8,70.0,,,,j_1
MM-S4-HK1__hp_j_9__tes_j_12,memmingen,HK1,,False,397647.0,24108.0,373539.0,40.71,0.1,21.29,1340124.0,407.4,18.65,14.12,14.12,0.2,0.0,,,,,,8144,3.62,,,,0.8,70.0,,,,j_12
MM-S4-HK1__hp_j_9__tes_j_13,memmingen,HK1,,False,533598.0,22637.0,510961.0,54.63,,-5.62,-354131.0,501.5,-0.14,0.0,0.0,0.0,0.0,82.5,9.82,1.4,0.8,43.97,0,,,,,0.8,70.0,,,,j_13
MM-S4-HK1__hp_j_9__tes_j_3,memmingen,HK1,,False,866094.0,59480.0,806613.0,88.67,,-71.44,-4497757.0,634.9,-26.78,31.83,31.83,0.9,0.0,,,,,,5850,3.52,,,,0.8,70.0,,,,j_3
MM-S4-HK1__hp_j_9__tes_j_5,memmingen,HK1,,False,409361.0,75874.0,333487.0,41.91,0.4,18.97,1194143.0,463.3,7.49,35.52,35.52,1.07,0.0,,,,,,5582,3.51,,,,0.8,70.0,,,,j_5
MM-S4-HK1__hp_j_9__tes_j_9,memmingen,HK1,,False,979684.0,48245.0,931439.0,100.3,,-93.93,-5913341.0,511.6,-2.16,10.71,10.71,0.67,0.0,,,,,,2088,3.52,,,,0.8,70.0,,,,j_9
MM-S4-HK2__hp_j_12__tes_j_1,memmingen,HK2,,False,528748.0,40031.0,488717.0,54.13,4.4,-4.66,-293684.0,528.5,-5.53,11.77,11.77,0.45,0.0,,,,,,3268,3.71,,,,0.6,66.0,,,,j_1
MM-S4-HK2__hp_j_12__tes_j_12,memmingen,HK2,,False,453511.0,76333.0,377179.0,46.43,0.6,10.23,643932.0,467.8,6.58,28.08,28.08,1.05,0.05,,,,,,4642,3.67,,,,0.6,66.0,,,,j_12
MM-S4-HK2__hp_j_12__tes_j_13,memmingen,HK2,,False,435494.0,62687.0,372807.0,44.58,0.4,13.79,868466.0,458.0,8.55,26.05,26.05,0.83,0.0,,,,,,4619,3.68,,,,0.6,66.0,,,,j_13
MM-S4-HK2__hp_j_12__tes_j_3,memmingen,HK2,,False,530508.0,9522.0,520986.0,54.31,,-5.01,-315617.0,494.0,1.36,0.0,0.0,0.0,0.0,,,,,,0,,,,,0.6,66.0,,,,j_3
MM-S4-HK2__hp_j_12__tes_j_5,memmingen,HK2,,False,473704.0,62696.0,411008.0,48.5,0.6,6.23,392286.0,463.8,7.38,22.23,22.23,0.83,0.0,,,,,,4151,3.68,,,,0.6,66.0,,,,j_5
MM-S4-HK2__hp_j_12__tes_j_9,memmingen,HK2,,False,441096.0,19101.0,421996.0,45.16,0.1,12.69,798647.0,462.4,7.67,5.78,5.78,0.08,0.0,,,,,,8036,3.82,,,,0.6,66.0,,,,j_9
MM-S4-HK2__hp_j_13__tes_j_1,memmingen,HK2,,False,502460.0,57285.0,445175.0,51.44,0.9,0.54,33923.0,531.4,-6.12,0.0,0.0,0.0,0.0,495.2,17.84,8.4,18.1,18.43,0,,,,,0.6,66.0,,,,j_1
MM-S4-HK2__hp_j_13__tes_j_12,memmingen,HK2,,False,710907.0,16455.0,694453.0,72.78,,-40.72,-2563791.0,539.3,-7.68,1.41,1.41,0.04,0.0,,,,,,3391,3.7,,,,0.6,66.0,,,,j_12
MM-S4-HK2__hp_j_13__tes_j_13,memmingen,HK2,,False,439239.0,22528.0,416710.0,44.97,0.2,13.05,821802.0,466.2,6.91,6.77,6.77,0.11,0.06,,,,,,7812,3.79,,,,0.6,66.0,,,,j_13
MM-S4-HK2__hp_j_13__tes_j_3,memmingen,HK2,,False,953113.0,3642.0,949471.0,97.58,,-88.67,-5582210.0,490.4,2.08,0.0,0.0,0.0,0.0,,,,,,0,,,,,0.6,66.0,,,,j_3
MM-S4-HK2__hp_j_13__tes_j_5,memmingen,HK2,,False,445735.0,19171.0,426564.0,45.63,0.1,11.77,740841.0,465.9,6.97,5.55,5.55,0.08,0.0,,,,,,8000,3.8,,,,0.6,66.0,,,,j_5
MM-S4-HK2__hp_j_13__tes_j_9,memmingen,HK2,,False,446138.0,21476.0,424662.0,45.67,0.2,11.69,735822.0,474.1,5.33,5.6,5.6,0.08,0.09,,,,,,8033,3.8,,,,0.6,66.0,,,,j_9
MM-S4-HK2__hp_j_1__tes_j_1,memmingen,HK2,,False,447130.0,55451.0,391679.0,45.77,0.4,11.49,723462.0,542.5,-8.32,38.78,38.78,0.74,0.0,,,,,,6940,3.8,,,,0.6,66.0,,,,j_1
MM-S4-HK2__hp_j_1__tes_j_12,memmingen,HK2,,False,447111.0,56134.0,390977.0,45.77,0.4,11.5,723691.0,546.3,-9.09,38.99,38.99,0.75,0.0,,,,,,6901,3.8,,,,0.6,66.0,,,,j_12
MM-S4-HK2__hp_j_1__tes_j_13,memmingen,HK2,,False,446712.0,54356.0,392356.0,45.73,0.4,11.57,728669.0,541.4,-8.11,38.01,38.01,0.73,0.0,,,,,,6950,3.8,,,,0.6,66.0,,,,j_13
MM-S4-HK2__hp_j_1__tes_j_3,memmingen,HK2,,False,433670.0,61887.0,371782.0,44.4,0.4,14.16,891203.0,527.8,-5.39,35.46,35.46,0.64,0.0,82.5,9.82,1.4,15.2,43.18,7065,3.81,,,,0.6,66.0,,,,j_3
MM-S4-HK2__hp_j_1__tes_j_5,memmingen,HK2,,False,446564.0,54204.0,392360.0,45.72,0.4,11.6,730505.0,542.3,-8.28,37.77,37.77,0.73,0.0,,,,,,6963,3.8,,,,0.6,66.0,,,,j_5
MM-S4-HK2__hp_j_1__tes_j_9,memmingen,HK2,,False,445923.0,48685.0,397239.0,45.65,0.4,11.73,738495.0,522.4,-4.32,34.99,34.99,0.64,0.0,,,,,,7146,3.81,,,,0.6,66.0,,,,j_9
MM-S4-HK2__hp_j_3__tes_j_1,memmingen,HK2,,False,373235.0,76698.0,296537.0,38.21,0.3,26.12,1644349.0,436.7,12.8,39.81,39.81,1.09,0.0,,,,,,5971,3.71,,,,0.6,66.0,,,,j_1
MM-S4-HK2__hp_j_3__tes_j_12,memmingen,HK2,,False,383324.0,85638.0,297685.0,39.24,0.4,24.12,1518623.0,433.5,13.44,38.24,38.24,0.93,0.0,165.1,12.37,2.8,0.6,51.27,6362,3.72,,,,0.6,66.0,,,,j_12
MM-S4-HK2__hp_j_3__tes_j_13,memmingen,HK2,,False,337537.0,32090.0,305447.0,34.56,0.1,33.19,2089228.0,375.6,25.01,25.27,25.27,0.42,0.0,,,,,,7629,3.78,,,,0.6,66.0,,,,j_13
MM-S4-HK2__hp_j_3__tes_j_3,memmingen,HK2,,False,483707.0,67296.0,416412.0,49.52,0.7,4.25,267621.0,443.4,11.46,41.19,41.19,1.09,0.0,,,,,,7000,3.73,,,,0.6,66.0,,,,j_3
MM-S4-HK2__hp_j_3__tes_j_5,memmingen,HK2,,False,370603.0,66956.0,303646.0,37.94,0.3,26.64,1677157.0,428.0,14.53,38.48,38.48,0.93,0.0,,,,,,6270,3.72,,,,0.6,66.0,,,,j_5
MM-S4-HK2__hp_j_3__tes_j_9,memmingen,HK2,,False,299422.0,76873.0,222549.0,30.65,0.2,40.73,2564227.0,453.9,9.37,39.17,39.17,1.02,0.2,,,,,,6048,3.71,,,,0.6,66.0,,,,j_9
MM-S4-HK2__hp_j_5__tes_j_1,memmingen,HK2,,False,696463.0,250490.0,445972.0,71.3,4.9,-37.86,-2383782.0,525.9,-5.02,0.0,0.0,0.0,0.0,2971.3,32.41,50.4,3.7,6.68,0,,,,,0.6,66.0,,,,j_1
MM-S4-HK2__hp_j_5__tes_j_12,memmingen,HK2,,False,435561.0,22038.0,413524.0,44.59,0.2,13.78,867629.0,456.5,8.84,8.4,8.4,0.14,0.0,,,,,,7309,3.78,,,,0.6,66.0,,,,j_12
MM-S4-HK2__hp_j_5__tes_j_13,memmingen,HK2,,False,517423.0,14041.0,503381.0,52.97,,-2.42,-152544.0,495.9,0.97,0.44,0.44,0.01,0.0,,,,,,0,3.83,,,,0.6,66.0,,,,j_13
MM-S4-HK2__hp_j_5__tes_j_3,memmingen,HK2,,False,512629.0,14137.0,498492.0,52.48,,-1.47,-92806.0,508.6,-1.55,0.0,0.0,0.0,0.17,,,,,,0,,,,,0.6,66.0,,,,j_3
MM-S4-HK2__hp_j_5__tes_j_5,memmingen,HK2,,False,432245.0,28443.0,403802.0,44.25,0.2,14.44,908951.0,426.0,14.94,13.4,13.4,0.27,0.0,,,,,,6414,3.74,,,,0.6,66.0,,,,j_5
MM-S4-HK2__hp_j_5__tes_j_9,memmingen,HK2,,False,445545.0,19023.0,426522.0,45.61,0.1,11.81,743207.0,464.1,7.33,5.51,5.51,0.08,0.0,,,,,,7875,3.8,,,,0.6,66.0,,,,j_9
MM-S4-HK2__hp_j_9__tes_j_1,memmingen,HK2,,False,476680.0,31451.0,445229.0,48.8,0.4,5.64,355202.0,532.3,-6.3,0.0,0.0,0.0,0.0,165.1,12.37,2.8,48.8,23.68,0,,,,,0.6,66.0,,,,j_1
MM-S4-HK2__hp_j_9__tes_j_12,memmingen,HK2,,False,499559.0,24632.0,474926.0,51.14,0.7,1.11,70081.0,420.8,15.98,7.31,7.31,0.2,0.0,,,,,,3887,3.77,,,,0.6,66.0,,,,j_12
MM-S4-HK2__hp_j_9__tes_j_13,memmingen,HK2,,False,851077.0,15312.0,835765.0,87.13,,-68.47,-4310621.0,375.8,24.97,0.0,0.0,0.0,0.0,82.5,9.82,1.4,0.7,30.16,0,,,,,0.6,66.0,,,,j_13
MM-S4-HK2__hp_j_9__tes_j_3,memmingen,HK2,,False,578645.0,64079.0,514565.0,59.24,,-14.54,-915508.0,497.2,0.73,32.28,32.28,0.93,0.0,,,,,,5818,3.71,,,,0.6,66.0,,,,j_3
MM-S4-HK2__hp_j_9__tes_j_5,memmingen,HK2,,False,435415.0,101537.0,333878.0,44.58,0.6,13.81,869451.0,462.7,7.6,35.84,35.84,1.47,0.0,,,,,,4955,3.67,,,,0.6,66.0,,,,j_5
MM-S4-HK2__hp_j_9__tes_j_9,memmingen,HK2,,False,1307281.0,2953.0,1304328.0,133.83,,-158.77,-9995924.0,1042.3,-108.12,0.0,0.0,0.0,0.0,,,,,,0,,,,,0.6,66.0,,,,j_9
MM-S5-HK0,memmingen,HK0,,False,306263.0,80421.0,225842.0,31.35,0.3,39.38,2478965.0,429.6,14.22,36.09,36.09,1.0,0.0,68.0,9.2,2.8,234.5,50.76,6225,2.79,,,,1.0,74.0,88.47,20.0,5.6,j_3
MM-S5-HK1,memmingen,HK1,,False,290363.0,75716.0,214647.0,29.73,0.2,42.52,2677119.0,414.2,17.29,36.43,36.43,0.95,0.0,55.0,8.58,2.8,205.3,51.68,6272,2.97,,,,0.8,70.0,83.99,20.0,5.6,j_3
MM-S5-HK2,memmingen,HK2,,False,278868.0,74783.0,204085.0,28.55,0.2,44.8,2820368.0,396.6,20.81,36.94,36.94,0.95,0.0,50.5,8.34,2.8,191.9,51.78,6359,3.14,,,,0.6,66.0,81.91,20.0,5.6,j_3
SB-S0-HK0,stadtbach,HK0,,False,10466272.0,2085361.0,8380911.0,16.35,0.7,5.09,6989517.0,31229.2,22.96,13.2,13.2,16.88,1.13,,,,,,5911,3.11,,,,1.0,70.0,100.63,20.0,5.6,
SB-S0-HK1,stadtbach,HK1,,False,10385780.0,2065281.0,8320499.0,16.23,0.7,5.82,7992629.0,30885.2,23.81,13.31,13.31,16.9,1.35,,,,,,5968,3.2,,,,0.8,65.0,100.67,20.0,5.6,
SB-S0-HK2,stadtbach,HK2,,False,10263588.0,2006815.0,8256773.0,16.04,0.7,6.92,9515409.0,30779.7,24.07,13.08,13.08,16.47,0.0,,,,,,6090,3.32,,,,0.6,60.0,100.7,20.0,5.6,
SB-S0-TVLFIX,stadtbach,TVLFIX,,False,10556594.0,2174363.0,8382231.0,16.5,0.8,4.27,5863904.0,31160.3,23.13,13.64,13.64,17.69,0.0,,,,,,5925,3.0,,,,,,83.99,20.0,1.2,
SB-S1-HK0,stadtbach,HK0,S1,False,10470346.0,2117319.0,8353027.0,16.36,0.7,5.05,6938742.0,31133.6,23.2,13.43,13.43,17.24,0.0,,,,,,5983,3.11,,,,1.0,70.0,100.63,20.0,5.6,
SB-S1-HK1,stadtbach,HK1,S1,False,10385511.0,2076798.0,8308714.0,16.23,0.7,5.82,7995973.0,30898.2,23.78,13.37,13.37,16.98,3.73,,,,,,5988,3.2,,,,0.8,65.0,100.67,20.0,5.6,
SB-S1-HK2,stadtbach,HK2,S1,False,10268527.0,2136764.0,8131763.0,16.05,0.7,6.88,9453856.0,29885.7,26.28,14.14,14.14,18.25,0.99,,,,,,6063,3.3,,,,0.6,60.0,100.7,20.0,5.6,
SB-S2-HK0,stadtbach,HK0,S2,False,9772008.0,1326966.0,8445041.0,15.27,0.4,11.38,15641585.0,34300.1,15.39,0.53,0.53,0.76,0.99,4981.7,38.5,84.5,1001.9,39.71,4782,3.3,,,,1.0,70.0,100.63,20.0,5.6,
SB-S2-HK0-DIAGJAN-BASE,stadtbach,HK0,S2,False,523639.0,417346.0,106293.0,5.59,,95.25,130896706.0,1286.6,96.83,2.47,2.47,6.4,0.0,49817.4,82.96,845.0,68.0,56.29,381,3.08,,,,1.0,70.0,113.89,20.0,5.6,
SB-S2-HK0-DIAGJAN-CYC10X,stadtbach,HK0,S2,False,1409212.0,1290384.0,118828.0,15.05,0.1,87.22,119860500.0,2232.5,94.49,2.34,2.34,5.79,0.0,49817.4,82.96,845.0,64.4,54.92,390,3.08,,,,1.0,70.0,113.89,20.0,5.6,
SB-S2-HK0-DIAGJAN-CYCHI,stadtbach,HK0,S2,False,523639.0,417346.0,106293.0,5.59,,95.25,130896706.0,1286.6,96.83,2.47,2.47,6.4,0.0,49817.4,82.96,845.0,68.0,56.29,381,3.08,,,,1.0,70.0,113.89,20.0,5.6,
SB-S2-HK0-DIAGJAN-CYCHI-ISO,stadtbach,HK0,S2,False,523639.0,417346.0,106293.0,5.59,,95.25,130896706.0,1286.6,96.83,2.47,2.47,6.4,0.0,49817.4,82.96,845.0,68.0,56.29,381,3.08,,,,1.0,70.0,113.89,20.0,5.6,
SB-S2-HK0-DIAGJAN-CYCLO,stadtbach,HK0,S2,False,309922.0,277157.0,32765.0,3.31,,97.19,133560088.0,1257.0,96.9,3.36,3.36,8.19,0.0,49817.4,82.96,845.0,93.0,60.59,395,3.07,,,,1.0,70.0,113.89,20.0,5.6,
SB-S2-HK1,stadtbach,HK1,S2,False,9781215.0,1356515.0,8424700.0,15.28,0.4,11.3,15526836.0,34288.9,15.42,0.56,0.56,0.99,1.1,4981.7,38.5,84.5,1055.3,41.97,4012,3.53,,,,0.8,65.0,100.67,20.0,5.6,
SB-S2-HK2,stadtbach,HK2,S2,False,9769423.0,1355510.0,8413914.0,15.27,0.4,11.41,15673793.0,34272.7,15.46,0.57,0.57,0.8,1.04,4981.7,38.5,84.5,1085.8,41.71,5421,3.77,,,,0.6,60.0,100.7,20.0,5.6,
SB-S3-HK0,stadtbach,HK0,S3,False,11010399.0,549556.0,10460843.0,17.2,0.1,0.15,208490.0,40421.2,0.29,0.0,0.0,0.0,1.02,,,,,,0,,,,,1.0,70.0,100.7,20.0,5.6,
SB-S3-HK1,stadtbach,HK1,S3,False,11014704.0,548919.0,10465785.0,17.21,0.0,0.11,154849.0,40467.6,0.17,0.0,0.0,0.0,1.02,,,,,,0,,,,,0.8,65.0,100.67,20.0,5.6,
SB-S3-HK2,stadtbach,HK2,S3,False,11007797.0,549350.0,10458448.0,17.2,0.0,0.18,240914.0,40389.2,0.37,0.0,0.0,0.0,1.02,,,,,,0,,,,,0.6,60.0,100.7,20.0,5.6,
SB-S4-HK0,stadtbach,HK0,S4,False,9727496.0,1989426.0,7738070.0,15.2,0.5,11.79,16196298.0,30022.0,25.94,7.64,7.64,9.87,0.0,4981.7,38.5,84.5,526.0,30.93,5538,3.18,,,,1.0,70.0,100.55,20.0,5.6,
SB-S4-HK1,stadtbach,HK1,S4,False,9675237.0,2075266.0,7599971.0,15.12,0.5,12.26,16847562.0,29385.3,27.51,8.59,8.59,11.03,0.0,4981.7,38.5,84.5,506.9,30.11,5744,3.3,,,,0.8,65.0,100.59,20.0,5.6,
SB-S4-HK2,stadtbach,HK2,S4,False,9577283.0,2112394.0,7464888.0,14.97,0.5,13.15,18068292.0,28836.5,28.87,9.18,9.18,11.71,0.0,4981.7,38.5,84.5,492.9,28.79,5775,3.45,,,,0.6,60.0,100.63,20.0,5.6,
SB-S5-HK0,stadtbach,HK0,S5,False,9775466.0,2034750.0,7740716.0,15.27,0.5,11.35,15598488.0,29966.6,26.08,8.01,8.01,10.45,0.0,4981.7,38.5,84.5,514.5,34.0,5494,3.17,,,,1.0,70.0,100.25,20.0,5.6,
SB-S5-HK1,stadtbach,HK1,S5,False,9720190.0,2074731.0,7645459.0,15.19,0.5,11.85,16287344.0,29589.3,27.01,8.54,8.54,11.11,0.0,4981.7,38.5,84.5,500.8,49.49,5642,3.3,,,,0.8,65.0,100.29,20.0,5.6,
SB-S5-HK2,stadtbach,HK2,S5,False,9604999.0,2012239.0,7592760.0,15.01,0.5,12.9,17722885.0,29349.0,27.6,8.42,8.42,10.6,0.99,4981.7,38.5,84.5,496.4,44.78,5789,3.49,,,,0.6,60.0,100.33,20.0,5.6,
SB-S6-HK0,stadtbach,HK0,,False,58588498.0,2971164.0,55617333.0,91.55,,-431.31,-592719782.0,84294.6,-107.94,0.0,0.0,0.0,6.2,49817.4,82.96,845.0,,0.0,0,,,,,1.0,70.0,81.91,,,j_hkw
SB-S6-HK0-COLOC-ATTRIB-TEST,stadtbach,HK0,,False,59017567.0,2850321.0,56167247.0,92.22,,-435.2,-598066938.0,82392.2,-103.25,0.0,0.0,0.0,6.2,49817.4,82.96,845.0,,0.0,0,,,,,1.0,70.0,99.89,,,j_hkw
SB-S6-HK0__hp_j_hkw__tes_j_hkw,stadtbach,HK0,,False,11017552.0,549183.0,10468369.0,17.22,0.1,0.09,119355.0,40488.0,0.12,0.0,0.0,0.0,1.0,,,,,,0,,,,,1.0,70.0,,,,j_hkw
SB-S6-HK0__hp_j_hkw__tes_j_man,stadtbach,HK0,,False,11017697.0,549361.0,10468335.0,17.22,0.1,0.09,117546.0,40498.9,0.1,0.0,0.0,0.0,0.99,,,,,,0,,,,,1.0,70.0,,,,j_man
SB-S6-HK0__hp_j_hkw__tes_j_ost,stadtbach,HK0,,False,11018165.0,548790.0,10469375.0,17.22,0.0,0.08,111715.0,40496.3,0.1,0.0,0.0,0.0,0.0,,,,,,0,,,,,1.0,70.0,,,,j_ost
SB-S6-HK0__hp_j_hkw__tes_j_pss,stadtbach,HK0,,False,46772980.0,1512406.0,45260574.0,73.09,,-324.16,-445472314.0,72222.5,-78.16,0.0,0.0,0.0,9.03,4981.7,38.5,84.5,591.5,47.76,0,,,,,1.0,70.0,,,,j_pss
SB-S6-HK0__hp_j_hkw__tes_j_psw,stadtbach,HK0,,False,43008842.0,1461936.0,41546906.0,67.2,,-290.03,-398562833.0,70702.8,-74.41,0.0,0.0,0.0,9.44,4981.7,38.5,84.5,724.9,46.76,0,,,,,1.0,70.0,,,,j_psw
SB-S6-HK0__hp_j_man__tes_j_hkw,stadtbach,HK0,,False,11019965.0,548884.0,10471081.0,17.22,0.0,0.06,89277.0,40501.0,0.09,0.0,0.0,0.0,1.0,,,,,,0,,,,,1.0,70.0,,,,j_hkw
SB-S6-HK0__hp_j_man__tes_j_man,stadtbach,HK0,,False,72178921.0,856887.0,71322034.0,112.78,,-554.56,-762086496.0,78200.5,-92.91,0.0,0.0,0.0,5.79,4981.7,38.5,84.5,547.4,49.32,0,,,,,1.0,70.0,,,,j_man
SB-S6-HK0__hp_j_man__tes_j_ost,stadtbach,HK0,,False,11017570.0,549684.0,10467886.0,17.22,0.1,0.09,119128.0,40504.7,0.08,0.0,0.0,0.0,0.99,,,,,,0,,,,,1.0,70.0,,,,j_ost
SB-S6-HK0__hp_j_man__tes_j_pss,stadtbach,HK0,,False,17394819.0,1246186.0,16148632.0,27.18,,-57.75,-79355490.0,51280.3,-26.5,0.0,0.0,0.0,6.26,4981.7,38.5,84.5,722.1,17.4,0,,,,,1.0,70.0,,,,j_pss
SB-S6-HK0__hp_j_man__tes_j_psw,stadtbach,HK0,,False,34927303.0,1125431.0,33801873.0,54.58,,-216.74,-297849001.0,56036.7,-38.23,0.0,0.0,0.0,7.58,4981.7,38.5,84.5,949.6,41.31,0,,,,,1.0,70.0,,,,j_psw
SB-S6-HK0__hp_j_ost__tes_j_hkw,stadtbach,HK0,,False,11017194.0,549061.0,10468134.0,17.22,0.0,0.09,123808.0,40482.4,0.14,0.0,0.0,0.0,1.02,,,,,,0,,,,,1.0,70.0,,,,j_hkw
SB-S6-HK0__hp_j_ost__tes_j_man,stadtbach,HK0,,False,11018004.0,548617.0,10469387.0,17.22,,0.08,113717.0,40486.9,0.13,0.0,0.0,0.0,0.99,,,,,,0,,,,,1.0,70.0,,,,j_man
SB-S6-HK0__hp_j_ost__tes_j_ost,stadtbach,HK0,,False,11018125.0,548947.0,10469179.0,17.22,0.0,0.08,112204.0,40493.4,0.11,0.0,0.0,0.0,1.01,,,,,,0,,,,,1.0,70.0,,,,j_ost
SB-S6-HK0__hp_j_ost__tes_j_pss,stadtbach,HK0,,False,10054933.0,1126323.0,8928610.0,15.71,0.4,8.82,12115717.0,35122.0,13.36,0.0,0.0,0.0,3.61,4981.7,38.5,84.5,615.4,32.93,0,,,,,1.0,70.0,,,,j_pss
SB-S6-HK0__hp_j_ost__tes_j_psw,stadtbach,HK0,,False,10115493.0,1122703.0,8992790.0,15.81,0.4,8.27,11360995.0,35332.8,12.84,0.0,0.0,0.0,3.11,4981.7,38.5,84.5,607.3,45.76,0,,,,,1.0,70.0,,,,j_psw
SB-S6-HK0__hp_j_pss__tes_j_hkw,stadtbach,HK0,,False,10573770.0,2456646.0,8117124.0,16.52,0.8,4.11,5649858.0,29693.2,26.75,15.68,15.68,21.57,0.0,,,,,,6002,3.1,,,,1.0,70.0,,,,j_hkw
SB-S6-HK0__hp_j_pss__tes_j_man,stadtbach,HK0,,False,10577848.0,2455708.0,8122140.0,16.53,0.8,4.07,5599036.0,29711.2,26.71,15.66,15.66,21.57,0.0,,,,,,6004,3.1,,,,1.0,70.0,,,,j_man
SB-S6-HK0__hp_j_pss__tes_j_ost,stadtbach,HK0,,False,10526731.0,2367946.0,8158784.0,16.45,0.8,4.54,6236070.0,30025.5,25.93,15.15,15.15,20.38,0.99,,,,,,6003,3.1,,,,1.0,70.0,,,,j_ost
SB-S6-HK0__hp_j_pss__tes_j_pss,stadtbach,HK0,,False,9485127.0,2780218.0,6704910.0,14.82,0.6,13.98,19216750.0,26225.7,35.31,12.78,12.78,17.75,0.0,4981.7,38.5,84.5,875.6,39.49,5155,3.1,,,,1.0,70.0,,,,j_pss
SB-S6-HK0__hp_j_pss__tes_j_psw,stadtbach,HK0,,False,27471964.0,1270154.0,26201810.0,42.93,,-149.13,-204938991.0,62928.6,-55.23,0.0,0.0,0.0,8.38,4981.7,38.5,84.5,799.9,37.0,0,,,,,1.0,70.0,,,,j_psw
SB-S6-HK0__hp_j_psw__tes_j_hkw,stadtbach,HK0,,False,10528826.0,2365730.0,8163096.0,16.45,0.8,4.52,6209963.0,30063.7,25.84,15.09,15.09,20.38,0.0,,,,,,6000,3.1,,,,1.0,70.0,,,,j_hkw
SB-S6-HK0__hp_j_psw__tes_j_man,stadtbach,HK0,,False,10547309.0,2410425.0,8136885.0,16.48,0.8,4.35,5979613.0,29891.7,26.26,15.37,15.37,20.98,0.99,,,,,,5999,3.1,,,,1.0,70.0,,,,j_man
SB-S6-HK0__hp_j_psw__tes_j_ost,stadtbach,HK0,,False,10482316.0,2226162.0,8256154.0,16.38,0.8,4.94,6789576.0,30607.5,24.5,14.22,14.22,18.57,0.99,,,,,,6003,3.11,,,,1.0,70.0,,,,j_ost
SB-S6-HK0__hp_j_psw__tes_j_pss,stadtbach,HK0,,False,9740516.0,2112075.0,7628441.0,15.22,0.5,11.67,16034042.0,29493.3,27.25,8.55,8.55,11.37,0.0,4981.7,38.5,84.5,514.2,30.42,5476,3.16,,,,1.0,70.0,,,,j_pss
SB-S6-HK0__hp_j_psw__tes_j_psw,stadtbach,HK0,,False,9455756.0,2614456.0,6841301.0,14.78,0.6,14.25,19582776.0,26913.3,33.61,11.64,11.64,15.68,0.0,4981.7,38.5,84.5,870.9,41.21,5203,3.11,,,,1.0,70.0,,,,j_psw
SB-S6-HK1__hp_j_hkw__tes_j_hkw,stadtbach,HK1,,False,11014223.0,548916.0,10465308.0,17.21,0.0,0.12,160833.0,40468.2,0.17,0.0,0.0,0.0,1.01,,,,,,0,,,,,0.8,65.0,,,,j_hkw
SB-S6-HK1__hp_j_hkw__tes_j_man,stadtbach,HK1,,False,11013903.0,548715.0,10465188.0,17.21,0.0,0.12,164825.0,40471.3,0.16,0.0,0.0,0.0,1.01,,,,,,0,,,,,0.8,65.0,,,,j_man
SB-S6-HK1__hp_j_hkw__tes_j_ost,stadtbach,HK1,,False,11015365.0,549173.0,10466192.0,17.21,0.0,0.11,146611.0,40487.9,0.12,0.0,0.0,0.0,1.04,,,,,,0,,,,,0.8,65.0,,,,j_ost
SB-S6-HK1__hp_j_hkw__tes_j_pss,stadtbach,HK1,,False,25951095.0,1465017.0,24486077.0,40.55,,-135.34,-185985599.0,61646.4,-52.07,0.0,0.0,0.0,7.6,4981.7,38.5,84.5,691.3,20.23,0,,,,,0.8,65.0,,,,j_pss
SB-S6-HK1__hp_j_hkw__tes_j_psw,stadtbach,HK1,,False,49716793.0,1513204.0,48203590.0,77.69,,-350.86,-482158736.0,72725.8,-79.4,0.0,0.0,0.0,9.8,4981.7,38.5,84.5,706.3,48.76,0,,,,,0.8,65.0,,,,j_psw
SB-S6-HK1__hp_j_man__tes_j_hkw,stadtbach,HK1,,False,11013916.0,548972.0,10464944.0,17.21,0.0,0.12,164661.0,40473.9,0.16,0.0,0.0,0.0,1.01,,,,,,0,,,,,0.8,65.0,,,,j_hkw
SB-S6-HK1__hp_j_man__tes_j_man,stadtbach,HK1,,False,72204262.0,856895.0,71347367.0,112.82,,-554.79,-762402296.0,78199.4,-92.9,0.0,0.0,0.0,5.79,4981.7,38.5,84.5,547.5,49.32,0,,,,,0.8,65.0,,,,j_man
SB-S6-HK1__hp_j_man__tes_j_ost,stadtbach,HK1,,False,11015984.0,548391.0,10467593.0,17.21,,0.1,138888.0,40480.3,0.14,0.0,0.0,0.0,0.99,,,,,,0,,,,,0.8,65.0,,,,j_ost
SB-S6-HK1__hp_j_man__tes_j_pss,stadtbach,HK1,,False,64317598.0,1399669.0,62917929.0,100.5,,-483.27,-664117030.0,78289.7,-93.13,0.0,0.0,0.0,6.19,4981.7,38.5,84.5,559.2,48.06,0,,,,,0.8,65.0,,,,j_pss
SB-S6-HK1__hp_j_man__tes_j_psw,stadtbach,HK1,,False,54962902.0,1649428.0,53313473.0,85.88,,-398.43,-547536841.0,75904.6,-87.24,0.0,0.0,0.0,6.19,4981.7,38.5,84.5,693.9,48.28,0,,,,,0.8,65.0,,,,j_psw
SB-S6-HK1__hp_j_ost__tes_j_hkw,stadtbach,HK1,,False,11226949.0,780667.0,10446282.0,17.54,7.2,-1.81,-2490199.0,40429.1,0.27,0.0,0.0,0.0,1.55,2582.2,30.93,43.8,58.3,39.77,0,,,,,0.8,65.0,,,,j_hkw
SB-S6-HK1__hp_j_ost__tes_j_man,stadtbach,HK1,,False,11090730.0,554205.0,10536525.0,17.33,,-0.58,-792608.0,40442.5,0.24,0.0,0.0,0.0,1.74,,,,,,0,,,,,0.8,65.0,,,,j_man
SB-S6-HK1__hp_j_ost__tes_j_ost,stadtbach,HK1,,False,11014825.0,549545.0,10465281.0,17.21,0.1,0.11,153329.0,40471.3,0.16,0.0,0.0,0.0,1.01,,,,,,0,,,,,0.8,65.0,,,,j_ost
SB-S6-HK1__hp_j_ost__tes_j_pss,stadtbach,HK1,,False,9906725.0,1116667.0,8790058.0,15.48,0.3,10.16,13962714.0,34692.1,14.42,0.0,0.0,0.0,0.0,4981.7,38.5,84.5,620.4,25.03,0,,,,,0.8,65.0,,,,j_pss
SB-S6-HK1__hp_j_ost__tes_j_psw,stadtbach,HK1,,False,13599828.0,1247881.0,12351947.0,21.25,,-23.33,-32061516.0,44853.9,-10.65,0.0,0.0,0.0,6.16,4981.7,38.5,84.5,1018.4,21.93,0,,,,,0.8,65.0,,,,j_psw
SB-S6-HK1__hp_j_pss__tes_j_hkw,stadtbach,HK1,,False,10466259.0,2458224.0,8008035.0,16.35,0.8,5.09,6989679.0,29234.0,27.89,16.0,16.0,21.73,0.99,,,,,,6018,3.17,,,,0.8,65.0,,,,j_hkw
SB-S6-HK1__hp_j_pss__tes_j_man,stadtbach,HK1,,False,10596953.0,2726212.0,7870741.0,16.56,0.8,3.9,5360945.0,28292.9,30.21,17.43,17.43,25.46,0.99,,,,,,6058,3.16,,,,0.8,65.0,,,,j_man
SB-S6-HK1__hp_j_pss__tes_j_ost,stadtbach,HK1,,False,10431003.0,2330011.0,8100992.0,16.3,0.7,5.41,7429048.0,29745.4,26.62,15.12,15.12,20.21,0.99,,,,,,5973,3.18,,,,0.8,65.0,,,,j_ost
SB-S6-HK1__hp_j_pss__tes_j_pss,stadtbach,HK1,,False,9426421.0,2766770.0,6659651.0,14.73,0.6,14.52,19948357.0,25953.5,35.98,12.88,12.88,17.81,0.0,4981.7,38.5,84.5,877.8,39.65,5253,3.18,,,,0.8,65.0,,,,j_pss
SB-S6-HK1__hp_j_pss__tes_j_psw,stadtbach,HK1,,False,54598349.0,1491026.0,53107322.0,85.31,,-395.13,-542993703.0,69047.6,-70.33,0.0,0.0,0.0,7.03,4981.7,38.5,84.5,767.6,48.57,0,,,,,0.8,65.0,,,,j_psw
SB-S6-HK1__hp_j_psw__tes_j_hkw,stadtbach,HK1,,False,10499335.0,2495066.0,8004269.0,16.41,0.8,4.79,6577485.0,29184.5,28.01,16.13,16.13,22.28,0.99,,,,,,6051,3.17,,,,0.8,65.0,,,,j_hkw
SB-S6-HK1__hp_j_psw__tes_j_man,stadtbach,HK1,,False,10477685.0,2499539.0,7978146.0,16.37,0.8,4.98,6847287.0,29079.6,28.27,16.23,16.23,22.28,1.58,,,,,,6004,3.17,,,,0.8,65.0,,,,j_man
SB-S6-HK1__hp_j_psw__tes_j_ost,stadtbach,HK1,,False,10408910.0,2161221.0,8247688.0,16.26,0.7,5.61,7704380.0,30644.4,24.41,13.86,13.86,18.08,0.99,,,,,,6019,3.19,,,,0.8,65.0,,,,j_ost
SB-S6-HK1__hp_j_psw__tes_j_pss,stadtbach,HK1,,False,9674407.0,2107989.0,7566418.0,15.12,0.5,12.27,16857906.0,29227.6,27.9,8.81,8.81,11.44,0.0,4981.7,38.5,84.5,504.1,29.4,5641,3.29,,,,0.8,65.0,,,,j_pss
SB-S6-HK1__hp_j_psw__tes_j_psw,stadtbach,HK1,,False,9390864.0,2584495.0,6806369.0,14.67,0.6,14.84,20391473.0,26681.5,34.18,11.65,11.65,15.53,0.0,4981.7,38.5,84.5,875.1,40.97,5311,3.21,,,,0.8,65.0,,,,j_psw
SB-S6-HK2__hp_j_hkw__tes_j_hkw,stadtbach,HK2,,False,11012602.0,548489.0,10464112.0,17.21,,0.13,181044.0,40468.1,0.17,0.0,0.0,0.0,1.01,,,,,,0,,,,,0.6,60.0,,,,j_hkw
SB-S6-HK2__hp_j_hkw__tes_j_man,stadtbach,HK2,,False,11011252.0,548828.0,10462424.0,17.21,0.0,0.14,197865.0,40463.3,0.18,0.0,0.0,0.0,1.0,,,,,,0,,,,,0.6,60.0,,,,j_man
SB-S6-HK2__hp_j_hkw__tes_j_ost,stadtbach,HK2,,False,11013474.0,548624.0,10464849.0,17.21,,0.12,170178.0,40483.0,0.14,0.0,0.0,0.0,0.99,,,,,,0,,,,,0.6,60.0,,,,j_ost
SB-S6-HK2__hp_j_hkw__tes_j_pss,stadtbach,HK2,,False,20096577.0,4635323.0,15461254.0,31.4,,-82.25,-113025370.0,57385.5,-41.56,5.61,5.61,50.0,9.9,,,,,,1157,3.1,,,,0.6,60.0,,,,j_pss
SB-S6-HK2__hp_j_hkw__tes_j_psw,stadtbach,HK2,,False,714913790.0,3643950.0,711269840.0,1117.1,,-6383.23,-8771983627.0,155809.8,-284.35,15.18,15.18,50.0,9.9,,,,,,6514,3.27,,,,0.6,60.0,,,,j_psw
SB-S6-HK2__hp_j_man__tes_j_hkw,stadtbach,HK2,,False,11011594.0,548783.0,10462811.0,17.21,0.0,0.14,193594.0,40455.4,0.2,0.0,0.0,0.0,1.0,,,,,,0,,,,,0.6,60.0,,,,j_hkw
SB-S6-HK2__hp_j_man__tes_j_man,stadtbach,HK2,,False,276521684.0,4975223.0,271546461.0,432.08,,-2407.65,-3308648987.0,111163.1,-174.22,0.31,0.31,50.0,9.9,,,,,,59,3.1,,,,0.6,60.0,,,,j_man
SB-S6-HK2__hp_j_man__tes_j_ost,stadtbach,HK2,,False,11006288.0,549374.0,10456913.0,17.2,0.0,0.19,259726.0,40430.3,0.27,0.0,0.0,0.0,0.99,,,,,,0,,,,,0.6,60.0,,,,j_ost
SB-S6-HK2__hp_j_man__tes_j_pss,stadtbach,HK2,,False,9908121.0,1116576.0,8791544.0,15.48,0.3,10.15,13945318.0,34696.0,14.41,0.0,0.0,0.0,0.0,4981.7,38.5,84.5,619.9,21.86,0,,,,,0.6,60.0,,,,j_pss
SB-S6-HK2__hp_j_man__tes_j_psw,stadtbach,HK2,,False,10603384.0,1075143.0,9528241.0,16.57,0.6,3.84,5280798.0,35006.1,13.65,0.0,0.0,0.0,5.74,4981.7,38.5,84.5,656.2,30.38,0,,,,,0.6,60.0,,,,j_psw
SB-S6-HK2__hp_j_ost__tes_j_hkw,stadtbach,HK2,,False,11088473.0,554851.0,10533623.0,17.33,,-0.56,-764487.0,40448.1,0.22,0.0,0.0,0.0,1.74,,,,,,0,,,,,0.6,60.0,,,,j_hkw
SB-S6-HK2__hp_j_ost__tes_j_man,stadtbach,HK2,,False,11100144.0,552880.0,10547264.0,17.34,,-0.66,-909932.0,40503.8,0.08,0.0,0.0,0.0,1.74,,,,,,0,,,,,0.6,60.0,,,,j_man
SB-S6-HK2__hp_j_ost__tes_j_ost,stadtbach,HK2,,False,11004922.0,548985.0,10455936.0,17.2,0.0,0.2,276750.0,40400.4,0.34,0.0,0.0,0.0,1.02,,,,,,0,,,,,0.6,60.0,,,,j_ost
SB-S6-HK2__hp_j_ost__tes_j_pss,stadtbach,HK2,,False,9906974.0,1116895.0,8790079.0,15.48,0.3,10.16,13959601.0,34698.2,14.41,0.0,0.0,0.0,0.0,4981.7,38.5,84.5,620.3,23.73,0,,,,,0.6,60.0,,,,j_pss
SB-S6-HK2__hp_j_ost__tes_j_psw,stadtbach,HK2,,False,30349505.0,1347622.0,29001883.0,47.42,,-175.23,-240799515.0,57848.7,-42.7,0.0,0.0,0.0,8.67,4981.7,38.5,84.5,889.7,47.29,0,,,,,0.6,60.0,,,,j_psw
SB-S6-HK2__hp_j_pss__tes_j_hkw,stadtbach,HK2,,False,10348374.0,2401188.0,7947186.0,16.17,0.7,6.16,8458792.0,29107.9,28.2,15.79,15.79,21.36,0.99,,,,,,6125,3.27,,,,0.6,60.0,,,,j_hkw
SB-S6-HK2__hp_j_pss__tes_j_man,stadtbach,HK2,,False,10351930.0,2407168.0,7944762.0,16.18,0.7,6.12,8414476.0,29032.2,28.38,15.88,15.88,21.36,1.27,,,,,,6100,3.26,,,,0.6,60.0,,,,j_man
SB-S6-HK2__hp_j_pss__tes_j_ost,stadtbach,HK2,,False,10264551.0,2041202.0,8223349.0,16.04,0.7,6.92,9503408.0,30489.1,24.79,13.4,13.4,16.95,0.0,,,,,,6081,3.31,,,,0.6,60.0,,,,j_ost
SB-S6-HK2__hp_j_pss__tes_j_pss,stadtbach,HK2,,False,9274587.0,2500266.0,6774322.0,14.49,0.5,15.89,21840544.0,26676.0,34.2,11.24,11.24,14.72,0.0,4981.7,38.5,84.5,874.7,37.44,5371,3.34,,,,0.6,60.0,,,,j_pss
SB-S6-HK2__hp_j_pss__tes_j_psw,stadtbach,HK2,,False,9709979.0,2259161.0,7450817.0,15.17,0.6,11.94,16414603.0,28497.6,29.7,10.24,10.24,13.88,0.0,4981.7,38.5,84.5,457.4,32.8,5918,3.4,,,,0.6,60.0,,,,j_psw
SB-S6-HK2__hp_j_psw__tes_j_hkw,stadtbach,HK2,,False,10406739.0,2348672.0,8058068.0,16.26,0.7,5.63,7731428.0,30268.6,25.33,13.81,13.81,17.63,0.0,2582.2,30.93,43.8,163.0,45.38,5954,3.3,,,,0.6,60.0,,,,j_hkw
SB-S6-HK2__hp_j_psw__tes_j_man,stadtbach,HK2,,False,10284285.0,2158958.0,8125327.0,16.07,0.7,6.74,9257483.0,30200.3,25.5,14.12,14.12,18.27,0.0,,,,,,6135,3.3,,,,0.6,60.0,,,,j_man
SB-S6-HK2__hp_j_psw__tes_j_ost,stadtbach,HK2,,False,10303051.0,2243721.0,8059331.0,16.1,0.7,6.57,9023607.0,29797.7,26.49,14.72,14.72,19.32,0.0,,,,,,6105,3.28,,,,0.6,60.0,,,,j_ost
SB-S6-HK2__hp_j_psw__tes_j_pss,stadtbach,HK2,,False,9566361.0,2081878.0,7484483.0,14.95,0.5,13.25,18204403.0,28922.6,28.65,8.96,8.96,11.36,0.0,4981.7,38.5,84.5,495.9,28.67,5800,3.46,,,,0.6,60.0,,,,j_pss
SB-S6-HK2__hp_j_psw__tes_j_psw,stadtbach,HK2,,False,9288885.0,2585413.0,6703472.0,14.51,0.5,15.76,21662364.0,26243.9,35.26,11.89,11.89,15.83,0.0,4981.7,38.5,84.5,879.0,40.02,5416,3.32,,,,0.6,60.0,,,,j_psw
SB-S7-HK0,stadtbach,HK0,,False,10430660.0,2177662.0,8252998.0,16.3,0.7,5.41,7433322.0,30905.6,23.76,12.32,12.32,16.76,0.0,937.1,22.06,65.7,80.2,45.72,5653,2.88,,,,1.0,70.0,100.67,20.0,5.6,j_psw
SB-S7-HK1,stadtbach,HK1,,False,10343163.0,2243794.0,8099369.0,16.16,0.7,6.2,8523724.0,30260.7,25.35,12.71,12.71,17.6,0.0,1037.9,22.83,84.5,73.9,46.97,5537,2.91,,,,0.8,65.0,99.93,20.0,5.6,j_psw
SB-S7-HK2,stadtbach,HK2,,False,10226758.0,2209206.0,8017552.0,15.98,0.7,7.26,9974391.0,29995.4,26.01,12.8,12.8,17.53,0.0,970.5,22.32,84.5,68.2,45.82,5656,3.03,,,,0.6,60.0,99.96,20.0,5.6,j_psw
ZZDIAG-MMS1HK0-PFIX,memmingen,HK0,S1,False,21925.0,2655.0,19270.0,30.23,,95.66,6022455.0,34.5,93.11,37.0,37.0,1.03,0.0,82.5,9.82,1.4,8.2,37.52,336,3.0,,,,1.0,74.0,92.87,20.0,6.282,
ZZDIAG-SBS1HK0-PFIX,stadtbach,HK0,S1,False,783097.0,165248.0,617849.0,18.26,,92.9,127663277.0,1795.6,95.57,30.4,30.4,46.84,0.99,8607.5,46.2,146.0,8.7,53.08,330,3.01,,,,1.0,70.0,113.88,20.0,5.6,
