voltage_level,h,sigma_stromnev,sigma_agnes
ms,10.0,21072.0,69.29055
ms,10.17125861872571,20717.20009282388,69.29055
ms,10.345450188900204,20368.374130889424,69.29055
ms,10.522624939844873,20025.421527863225,69.29055
ms,10.70283396110153,19688.243391034797,69.29055
ms,10.886129217164418,19356.742492800175,69.29055
ms,11.072563562464536,19030.823242625655,69.29055
ms,11.262190756610565,18710.391659483634,69.29055
ms,11.455065479890823,18395.35534475254,69.29055
ms,11.65124334904069,18085.623455573066,69.29055
ms,11.850780933280072,17781.106678653006,69.29055
ms,12.053735770625526,17481.717204513163,69.29055
ms,12.260166384481732,17187.368702166896,69.29055
ms,12.470132300517104,16897.976294226002,69.29055
ms,12.683694063828446,16613.45653242572,69.29055
ms,12.900913256399521,16333.727373561866,69.29055
ms,13.12185251485864,16058.708155833137,69.29055
ms,13.346575548540356,15788.319575581718,69.29055
ms,13.575147157856492,15522.483664425527,69.29055
ms,13.807633252981773,15261.12376677551,69.29055
ms,14.044100872859458,15004.16451773151,69.29055
ms,14.284618204532503,14751.531821350229,69.29055
ms,14.52925460280574,14503.152829279206,69.29055
ms,14.778080610244807,14258.955919750482,69.29055
ms,15.031167977517578,14018.870676927978,69.29055
ms,15.288589684083957,13782.827870602616,69.29055
ms,15.550419959239992,13550.759436229315,69.29055
ms,15.816734303522408,13322.598455300116,69.29055
ms,16.087609510479695,13098.279136047779,69.29055
ms,16.36312368881603,12877.736794474285,69.29055
ms,16.64335628491449,12660.907835698756,69.29055
ms,16.92838810574592,12447.729735619443,69.29055
ms,17.2183013421702,12238.141022884478,69.29055
ms,17.513179592636508,12032.081261166199,69.29055
ms,17.81310788728953,11829.491031733907,69.29055
ms,18.118172712488466,11630.311916320084,69.29055
ms,18.428462035745927,11434.486480275114,69.29055
ms,18.74406533109403,11241.958256005553,69.29055
ms,19.065073604884795,11052.671726691366,69.29055
ms,19.39157942203245,10866.572310277254,69.29055
ms,19.723676932705168,10683.606343733549,69.29055
ms,20.06146189947389,10503.721067582124,69.29055
ms,20.405031724926136,10326.864610682824,69.29055
ms,20.754485479752642,10152.985975276099,69.29055
ms,21.109923931315176,9982.035022277405,69.29055
ms,21.47144957270336,9813.96245681932,69.29055
ms,21.83916665228935,9648.719814036984,69.29055
ms,22.21318120378852,9486.259445092948,69.29055
ms,22.59360107683499,9326.534503437315,69.29055
ms,22.980535968080837,9169.498931299198,69.29055
ms,23.37409745282784,9015.107446405667,69.29055
ms,23.774399017200995,8863.315528924291,69.29055
ms,24.181556090872967,8714.079408625556,69.29055
ms,24.595686080349083,8567.356052261393,69.29055
ms,25.01690840282226,8423.103151156272,69.29055
ms,25.445344520607755,8281.279109007206,69.29055
ms,25.881117976167666,8141.84302988917,69.29055
ms,26.324354427735226,8004.7547064624805,69.29055
ms,26.775181685549235,7869.974608378741,69.29055
ms,27.233729748708928,7737.463870882012,69.29055
ms,27.70013084266026,7607.1842836018495,69.29055
ms,28.174519457323804,7479.098279535147,69.29055
ms,28.657032385875993,7353.168924213388,69.29055
ms,29.147808764194302,7229.359905052358,69.29055
ms,29.646990110978006,7107.635520881168,69.29055
ms,30.15472036855611,6987.96067164757,69.29055
ms,30.671145944393988,6870.300848296638,69.29055
ms,31.19641575331116,6754.62212281981,69.29055
ms,31.730681260421665,6640.891138471566,69.29055
ms,32.274096524810226,6529.075100150741,69.29055
ms,32.82681824395615,6419.141764943861,69.29055
ms,33.389005798918134,6311.059432827668,69.29055
ms,33.9608213002929,6204.796937528205,69.29055
ms,34.54242963496076,6100.323637533824,69.29055
ms,35.13399851363212,5997.609407259463,69.29055
ms,35.73569851920768,5896.624628359777,69.29055
ms,36.34770315596749,5797.340181188435,69.29055
ms,36.9701888996018,5699.727436401322,69.29055
ms,37.60333524809924,5603.75824670104,69.29055
ms,38.247324773506165,5509.404938720453,69.29055
ms,38.90234317457259,5416.640305042888,69.29055
ms,39.5685793302997,5325.4375963566845,69.29055
ms,40.24622535440426,5235.770513741863,69.29055
ms,40.935476650716176,5147.613201086628,69.29055
ms,41.63653196952419,5060.940237631613,69.29055
ms,42.34959346488715,4975.726630639606,69.29055
ms,43.07486675292634,4891.947808188739,69.29055
ms,43.81256097111636,4809.579612087003,69.29055
ms,44.56288883859132,4728.598290906068,69.29055
ms,45.32606671748374,4648.980493132408,69.29055
ms,46.10231467531433,4570.703260433708,69.29055
ms,46.891856548449546,4493.744021038709,69.29055
ms,47.694920006646726,4418.0805832284495,69.29055
ms,48.511736618703885,4343.691128937159,69.29055
ms,49.34254191923435,4270.5542074608575,69.29055
ms,50.1875754765847,4198.648729271902,69.29055
ms,51.047080961915924,4127.953959937676,69.29055
ms,51.92130621946767,4058.449514141681,69.29055
ms,52.810503338025704,3990.1153498052927,69.29055
ms,53.71492872361371,3922.931762308474,69.29055
ms,54.63484317342932,3856.8793788078433,69.29055
ms,55.570511951047045,3791.939152650359,69.29055
ms,56.52220486290873,3728.0923578811003,69.29055
ms,57.490196336124065,3665.320583843505,69.29055
ms,58.47476549760354,3603.605729870535,69.29055
ms,59.47619625454645,3542.930000065232,69.29055
ms,60.494777376307766,3483.27589816913,69.29055
ms,61.53080257766635,3424.626222517117,69.29055
ms,62.5845706035199,3366.964061077198,69.29055
ms,63.656385315029944,3310.2727865738048,69.29055
ms,64.7465557772423,3254.536051693204,69.29055
ms,65.8553963482081,3199.7377843696418,69.29055
ms,66.9832267696309,3145.862183150857,69.29055
ms,68.13037225906673,3092.893712641612,69.29055
ms,69.29716360370232,3040.817099023977,69.29055
ms,70.48393725574032,2989.617325652997,69.29055
ms,71.69103542941708,2939.279628726564,69.29055
ms,72.91880619968288,2889.789493028157,69.29055
ms,74.16760360257142,2841.1326477412877,69.29055
ms,75.43778773728864,2793.2950623344145,69.29055
ms,76.72972487004982,2746.262942515138,69.29055
ms,78.04378753969463,2700.022726252536,69.29055
ms,79.38035466511177,2654.561079866439,69.29055
ms,80.73981165450216,2609.864894182596,69.29055
ms,82.12255051651456,2565.9212807525373,69.29055
ms,83.52896997328362,2522.717568137113,69.29055
ms,84.95947557540421,2480.241298252593,69.29055
ms,86.4144798188747,2438.4802227782943,69.29055
ms,87.89440226404277,2397.4222996247017,69.29055
ms,89.399669656589,2357.055689461033,69.29055
ms,90.93071605058122,2317.3687523013086,69.29055
ms,92.48798293363745,2278.3500441478664,69.29055
ms,94.07191935423162,2239.988313691414,69.29055
ms,95.68298205117983,2202.272499066637,69.29055
ms,97.32163558534408,2165.1917246624334,69.29055
ms,98.98835247359132,2128.7352979858624,69.29055
ms,100.68361332504747,2092.89270657888,69.29055
ms,102.40790697968363,2057.6536149870153,69.29055
ms,104.16173064927675,2023.0078617790625,69.29055
ms,105.94559006078414,1988.945456616964,69.29055
ms,107.75999960217322,1955.4565773750278,69.29055
ms,109.6054824707484,1922.5315673076584,69.29055
ms,111.48257082401888,1890.160932264763,69.29055
ms,113.39180593315008,1858.3353379540456,69.29055
ms,115.33373833904277,1827.0456072494017,69.29055
ms,117.3089280110844,1796.2827175446466,69.29055
ms,119.31794450862154,1766.037798151761,69.29055
ms,121.36136714519535,1736.3021277429827,69.29055
ms,123.4397851555904,1707.0671318359534,69.29055
ms,125.55379786574481,1678.3243803212051,69.29055
ms,127.7040148655702,1650.0655850312771,69.29055
ms,129.89105618473076,1622.2825973507715,69.29055
ms,132.1155524714329,1594.9674058666455,69.29055
ms,134.378145174277,1568.1121340580653,69.29055
ms,136.67948672722403,1541.7090380251514,69.29055
ms,139.02024073772844,1515.7505042559828,69.29055
ms,141.40108217809427,1490.229047431184,69.29055
ms,143.8226975801083,1465.1373082654798,69.29055
ms,146.28578523300584,1440.4680513855978,69.29055
ms,148.79105538482696,1416.2141632439034,69.29055
ms,151.3392304472215,1392.3686500671558,69.29055
ms,153.9310452037619,1368.924635839803,69.29055
ms,156.56724702182208,1345.875360321244,69.29055
ms,159.2485960680864,1323.2141770964631,69.29055
ms,161.97586552774922,1300.9345516594883,69.29055
ms,164.7498418274677,1279.0300595291255,69.29055
ms,167.5713248621329,1257.494384396418,69.29055
ms,170.44112822552543,1236.3213163032933,69.29055
ms,173.360079444921,1215.5047498518757,69.29055
ms,176.32902021971276,1195.0386824439604,69.29055
ms,179.34880666412124,1174.9172125501216,69.29055
ms,182.42030955406133,1155.1345380079617,69.29055
ms,185.54441457823592,1135.6849543490227,69.29055
ms,188.72202259352994,1116.5628531538653,69.29055
ms,191.95404988477887,1097.762720434841,69.29055
ms,195.24142842898627,1079.2791350460932,69.29055
ms,198.58510616406465,1061.1067671203393,69.29055
ms,201.98604726218016,1043.2403765319643,69.29055
ms,205.44523240777875,1025.6748113859933,69.29055
ms,208.96365908037274,1008.4050065325077,69.29055
ms,212.54234184217032,991.4259821060805,69.29055
ms,216.18231263063197,974.7328420897927,69.29055
ms,219.88462105603702,958.3207729034335,69.29055
ms,223.65033470414568,942.1850420154726,69.29055
ms,227.48053944404305,926.3209965784089,69.29055
ms,231.37633974125953,910.7240620870793,69.29055
ms,235.33885897624953,895.3897410595754,69.29055
ms,239.36923976832537,880.3136117403653,69.29055
ms,243.4686443051399,865.4913268252485,69.29055
ms,247.63825467781172,850.9186122077787,69.29055
ms,251.8792732217886,836.5912657467993,69.29055
ms,256.1929228635487,822.505156054728,69.29055
ms,260.5804474732399,808.6562213062426,69.29055
ms,265.04311222335946,795.0404680670222,69.29055
ms,269.5822039535732,781.6539701422195,69.29055
ms,274.19903154178525,768.4928674443124,69.29055
ms,278.89492628156245,755.5533648800214,69.29055
ms,283.67124226602147,742.8317312559685,69.29055
ms,288.52935677829015,730.3242982027651,69.29055
ms,293.47067068865675,718.027459117211,69.29055
ms,298.4966088585216,705.9376681223033,69.29055
ms,303.60862055126364,694.0514390447632,69.29055
ms,308.80817985014625,682.3653444097724,69.29055
ms,314.09678608337975,670.876014452636,69.29055
ms,319.47596425646236,659.5801361470891,69.29055
ms,324.9472654919251,648.4744522499647,69.29055
ms,330.5122674766093,637.5557603619445,69.29055
ms,336.1725749166041,626.8209120041225,69.29055
ms,341.9298199999726,616.2668117101249,69.29055
ms,347.785662867405,605.8904161335082,69.29055
ms,353.74179209093256,595.688733170189,69.29055
ms,359.79992516083774,585.6588210956519,69.29055
ms,365.9618089809038,575.7977877166837,69.29055
ms,372.2292203721468,566.1027895373895,69.29055
ms,378.60396658517516,556.5710309392492,69.29055
ms,385.0878858213206,547.1997633749853,69.29055
ms,391.6828477626967,537.9862845759993,69.29055
ms,398.3907541113357,528.9279377731528,69.29055
ms,405.21353913755604,520.0221109306711,69.29055
ms,412.15317023772167,511.26623599294635,69.29055
ms,419.2116485015549,502.65778814402006,69.29055
ms,426.3910092891651,494.19428507953427,69.29055
ms,433.6933228179581,485.8732862909427,69.29055
ms,441.1206947595946,477.6923923617772,69.29055
ms,448.6752668471797,469.6492442757535,69.29055
ms,456.3592174928437,461.74152273653675,69.29055
ms,464.17476241590094,453.9669474989567,69.29055
ms,472.12415528176894,446.3232767114827,69.29055
ms,480.2096883518285,438.80830626977007,69.29055
ms,488.43369314441304,431.41986918109137,69.29055
ms,496.7985411071137,424.1558349394732,69.29055
ms,505.30664430060864,417.01410891134447,69.29055
ms,513.9604560941935,409.992631731538,69.29055
ms,522.7624718732266,403.08937870945914,69.29055
ms,531.715229758691,396.3023592452512,69.29055
ms,540.8213113390804,389.62961625579186,69.29055
ms,550.0833424148165,383.06922561035594,69.29055
ms,559.503993755415,376.61929557578003,69.29055
ms,569.0859818696217,370.2779662709671,69.29055
ms,578.8320697887376,364.04340913057683,69.29055
ms,588.7450678633543,357.9138263777479,69.29055
ms,598.8278345737392,351.8874505056964,69.29055
ms,609.0832773540996,345.96254376804177,69.29055
ms,619.514353430959,340.1373976777173,69.29055
ms,630.124070675893,334.41033251431645,69.29055
ms,640.9154884728703,328.7796968397335,69.29055
ms,651.8917186004483,323.2438670219596,69.29055
ms,663.0559261290729,317.80124676689866,69.29055
ms,674.4113303337487,312.45026665806483,69.29055
ms,685.9612056223409,307.1893837040296,69.29055
ms,697.7088824797718,302.0170808934904,69.29055
ms,709.6577484283865,296.93186675783096,69.29055
ms,721.8112490047704,291.93227494104536,69.29055
ms,734.1728887532945,287.01686377690345,69.29055
ms,746.7462322366702,282.1842158732385,69.29055
ms,759.5349050638179,277.43293770323146,69.29055
ms,772.5425949353368,272.76165920357784,69.29055
ms,785.7730527068773,268.16903337942085,69.29055
ms,799.2300934707241,263.6537359159371,69.29055
ms,812.9175976559053,259.2144647964606,69.29055
ms,826.839512147143,254.84993992703704,69.29055
ms,840.9998514229594,250.55890276730116,69.29055
ms,855.4026987132812,246.3401159675676,69.29055
ms,870.0522071768689,242.1923630120321,69.29055
ms,884.9526010989059,238.11444786798143,69.29055
ms,900.1081771090987,234.10519464090973,69.29055
ms,915.5233054206403,230.1634472354409,69.29055
ms,931.2024310903934,226.28806902196013,69.29055
ms,947.1500753006512,222.47794250885926,69.29055
ms,963.3708366628449,218.7319690203022,69.29055
ms,979.8693925435954,215.04906837941144,69.29055
ms,996.6505004134575,211.4281785967934,69.29055
ms,1013.7189992187677,207.86825556430665,69.29055
ms,1031.0798107769888,204.36827275398608,69.29055
ms,1048.7379411959525,200.92722092203567,69.29055
ms,1066.6984823173984,197.5441078178077,69.29055
ms,1084.9666131852478,194.21795789767916,69.29055
ms,1103.547601539009,190.94781204374834,69.29055
ms,1122.4468053327737,187.7327272872655,69.29055
ms,1141.6696742802108,184.57177653672267,69.29055
ms,1161.2217514260374,181.46404831051905,69.29055
ms,1181.108674744385,178.40864647413068,69.29055
ms,1201.3361787645522,175.404689981703,69.29055
ms,1221.9100962245968,172.45131262199504,69.29055
ms,1242.8363597532386,169.54766276860278,69.29055
ms,1264.1210035805823,166.69290313438535,69.29055
ms,1285.7701652781184,163.88621053002908,69.29055
ms,1307.790087528545,161.12677562667383,69.29055
ms,1330.187119925877,158.41380272253886,69.29055
ms,1352.9677208064,155.74650951347607,69.29055
ms,1376.1384591109781,153.1241268673871,69.29055
ms,1399.7060162792447,150.5458986024397,69.29055
ms,1423.6771881762504,148.0110812690166,69.29055
ms,1448.0588870520864,145.51894393533766,69.29055
ms,1472.85814353509,143.06876797668988,69.29055
ms,1498.082108659164,140.6598468682079,69.29055
ms,1523.7380559258302,138.29148598114233,69.29055
ms,1549.8333834015964,135.96300238255853,69.29055
ms,1576.3756158512308,133.6737246384091,69.29055
ms,1603.3724069075888,131.42299261992036,69.29055
ms,1630.8315412785792,129.2101573132407,69.29055
ms,1658.760936991949,127.03458063229202,69.29055
ms,1687.1686476784887,124.89563523477432,69.29055
ms,1716.0628648943637,122.79270434126629,69.29055
ms,1745.4519204831938,120.7251815573736,69.29055
ms,1775.344288978602,118.69247069887061,68.14650023157182
ms,1805.7485900479082,116.6939856197863,66.9990831873169
ms,1836.6735909776576,114.72915004338587,65.87098578338066
ms,1868.1282092017407,112.79739739599648,64.76188272522087
ms,1900.1215148727822,110.89817064363288,63.67145419544399
ms,1932.6627334775949,109.0309221313719,62.59938576158329
ms,1965.7612484973986,107.19511342543329,61.54536828543047
ms,1999.4266041136168,105.39021515791829,60.50909783389336
ms,2033.6685079600113,103.61570687416253,59.4902755913546
ms,2068.496833921931,101.87107688266009,58.48860777350659
ms,2103.9216249835295,100.15582210751298,57.50380554263618
ms,2139.9530961237115,98.4694479433666,56.535584924337
ms,2176.6016372617078,96.81146811278617,55.58366672562294
ms,2213.8778162530625,95.18140452603603,54.64777645442141
ms,2251.7923819369626,93.5787871432185,53.7276442404213
ms,2290.356267235724,92.00315383873537,52.82300475725437
ms,2329.580592307379,90.45405026803053,51.93359714598648
ms,2369.4766677522584,88.93102973657638,51.05916493989697
ms,2410.0559978744623,87.43365307106703,50.19945599052505
ms,2451.330283999223,85.96148849277905,49.35422239496077
ms,2493.3114278470425,84.51411149306578,48.52322042436088
ms,2536.011534965655,83.09110471094674,47.706210453667545
ms,2579.4429182207246,81.6920578127593,46.90295689251123
ms,2623.618101346353,80.31656737383598,46.113228117276414
ms,2668.549822556389,78.96423676217397,45.336796404311286
ms,2714.251038217562,77.63467602406408,44.573437864262324
ms,2760.73492658556,76.32750177164444,43.82293237751397
ms,2808.0148916050452,75.04233707234852,43.085063530716006
ms,2856.104566774797,73.77881134021351,42.3596185543789
ms,2905.017819079003,72.53656022901986,41.64638826152061
ms,2954.768752985906,71.31522552722932,40.94516698734599
ms,3005.3717145149326,70.11445505469204,40.255752529941795
ms,3056.841295373446,68.93390256109352,39.57794609197066
ms,3109.192337164384,67.77322762611041,38.911552223346284
ms,3162.439935665916,66.63209556124853,38.2563787648743
ms,3216.5994451844344,65.51017731333273,37.61223679284164
ms,3271.6864829820497,64.40714936962257,36.97894056453935
ms,3327.7169337799596,63.322693664524756,36.35630746470212
ms,3384.7069543388925,62.256497487877276,35.74415795285023
ms,3442.672978118029,61.20825339477703,35.14231551151769
ms,3501.6317200137128,60.17765911692587,34.55060659535213
ms,3561.600181179279,59.164417475469875,33.968860581072086
ms,3622.5956539274807,58.16823629530538,33.396909718266315
ms,3684.635726716817,57.18882832082872,32.83458908102212
ms,3747.7382892233113,56.2259111331037,32.28173652036756
ms,3811.921537499097,55.27920706842458,31.738192617514926
ms,3877.203979219383,54.34844313824967,31.203800637891177
ms,3943.604439019279,53.43335095048305,30.678406485942325
ms,4011.142063921979,52.53366663208235,30.1618586606992
ms,4079.836328859968,51.649130752968624,29.65400821209083
ms,4149.707042290719,50.77948825121844,29.154708697993957
ms,4220.774351908627,49.92448835951459,28.66381614200519
ms,4293.058750454707,49.083884532835995,28.181188991924657
ms,4366.5810816258245,48.25743437736461,27.70668807893836
ms,4441.362546085132,47.444899580589414,27.240176577487848
ms,4517.424707575394,46.64604584258767,26.781519965815797
ms,4594.789499137071,45.8606428084626,26.330585987175564
ms,4673.479229432831,45.088464001919355,25.88724461169424
ms,4753.516589180429,44.32928675995869,25.45136799887748
ms,4834.924657695706,43.5828921686709,25.022830460745993
ms,4917.726909547692,42.84906500011017,24.601508425592396
ms,5001.947221327634,42.12759365023248,24.187280402348616
ms,5087.609878533978,41.41827007787792,23.78002694555307
ms,5174.739582575282,40.72088974478059,23.379630620907662
ms,5263.361457892989,40.03525155658884,22.985975971414987
ms,5353.501059206281,39.36115780487801,22.59894948408532
ms,5445.184378880907,38.69841411014022,22.21843955720458
ms,5538.437854424306,38.046829365733366,21.844336468153013
ms,5633.288376108998,37.40621568277455,21.476532341766113
ms,5729.763294726597,36.776388335960874,21.114921119227994
ms,5827.890429474615,36.15716571030256,20.75939852748856
ms,5927.698075978273,35.548369248753275,20.409862049195816
ms,6029.215014449785,34.94982340072175,20.06621089313411
ms,6132.47051798728,34.3613555714508,19.72834596516049
ms,6237.494361015947,33.782796072248225,19.396169839630048
ms,6344.316827873644,33.21397807155617,19.069586731302753
ms,6452.968721543639,32.65473754684385,18.74850246772296
ms,6563.481372536819,32.10491323731077,18.432824462064293
ms,6675.886647926074,31.564346597386,18.122461686431517
ms,6790.2169605354,31.03288175101035,17.817324645612
ms,6906.505278286315,30.510365446688713,17.517325351269285
ms,7024.785133704433,29.996647013298674,17.2223772965709
ms,7145.090633588741,29.49157831664374,16.932395431243677
ms,7267.456468846586,28.995013716737578,16.647296137048787
ms,7391.917924496979,28.506810025807955,16.36699720366997
ms,7518.510889845293,28.026826467007478,16.09141780500759
ms,7647.2718688322075,27.554924633819567,15.82047847587182
ms,7778.237990559822,27.090968450148164,15.554101089068435
ms,7911.447019998138,26.63482413107907,15.292208832870182
ms,8046.937368874785,26.186360144302366,15.034726188867717
ms,8184.748106751369,25.745447172183955,14.781578910193229
ms,8324.918972289384,25.311958074476152,14.532694000110979
ms,8467.490384709154,24.88576785165584,14.28799969096813
ms,8612.50345544501,24.466753608879923,14.04742542350002
ms,8760.0,24.054794520547944,13.810901826484018
ns,10.0,16466.0,68.01165
ns,10.17125861872571,16188.753641250856,68.01165
ns,10.345450188900204,15916.17541947728,68.01165
ns,10.522624939844873,15648.186734899198,68.01165
ns,10.70283396110153,15384.710311160734,68.01165
ns,10.886129217164418,15125.670173047061,68.01165
ns,11.072563562464536,14870.991624576405,68.01165
ns,11.262190756610565,14620.60122746097,68.01165
ns,11.455065479890823,14374.426779930493,68.01165
ns,11.65124334904069,14132.3972959124,68.01165
ns,11.850780933280072,13894.44298456247,68.01165
ns,12.053735770625526,13660.495230140175,68.01165
ns,12.260166384481732,13430.48657222286,68.01165
ns,12.470132300517104,13204.350686253103,68.01165
ns,12.683694063828446,12982.02236441353,68.01165
ns,12.900913256399521,12763.437496823732,68.01165
ns,13.12185251485864,12548.533053053741,68.01165
ns,13.346575548540356,12337.247063948773,68.01165
ns,13.575147157856492,12129.51860376,68.01165
ns,13.807633252981773,11925.287772576194,68.01165
ns,14.044100872859458,11724.495679051208,68.01165
ns,14.284618204532503,11527.084423422213,68.01165
ns,14.52925460280574,11332.997080813944,68.01165
ns,14.778080610244807,11142.177684824004,68.01165
ns,15.031167977517578,10954.571211384591,68.01165
ns,15.288589684083957,10770.123562895913,68.01165
ns,15.550419959239992,10588.781552626799,68.01165
ns,15.816734303522408,10410.492889377929,68.01165
ns,16.087609510479695,10235.206162403318,68.01165
ns,16.36312368881603,10062.870826585686,68.01165
ns,16.64335628491449,9893.437187861415,68.01165
ns,16.92838810574592,9726.856388890934,68.01165
ns,17.2183013421702,9563.080394970379,68.01165
ns,17.513179592636508,9402.061980180459,68.01165
ns,17.81310788728953,9243.754713768532,68.01165
ns,18.118172712488466,9088.112946759991,68.01165
ns,18.428462035745927,8935.091798795085,68.01165
ns,18.74406533109403,8784.647145187331,68.01165
ns,19.065073604884795,8636.735604199886,68.01165
ns,19.39157942203245,8491.314524536127,68.01165
ns,19.723676932705168,8348.341973040842,68.01165
ns,20.06146189947389,8207.776722608545,68.01165
ns,20.405031724926136,8069.578240295338,68.01165
ns,20.754485479752642,7933.7066756309905,68.01165
ns,21.109923931315176,7800.122849127741,68.01165
ns,21.47144957270336,7668.788240982674,68.01165
ns,21.83916665228935,7539.664979970244,68.01165
ns,22.21318120378852,7412.715832521853,68.01165
ns,22.59360107683499,7287.904191989314,68.01165
ns,22.980535968080837,7165.194068089056,68.01165
ns,23.37409745282784,7044.550076524094,68.01165
ns,23.774399017200995,6925.937428780722,68.01165
ns,24.181556090872967,6809.3219220970195,68.01165
ns,24.595686080349083,6694.669929600232,68.01165
ns,25.01690840282226,6581.94839061025,68.01165
ns,25.445344520607755,6471.1248011063335,68.01165
ns,25.881117976167666,6362.1672043543595,68.01165
ns,26.324354427735226,6255.044181691876,68.01165
ns,26.775181685549235,6149.724843468316,68.01165
ns,27.233729748708928,6046.178820137776,68.01165
ns,27.70013084266026,5944.376253501711,68.01165
ns,28.174519457323804,5844.287788099171,68.01165
ns,28.657032385875993,5745.884562741916,68.01165
ns,29.147808764194302,5649.138202192109,68.01165
ns,29.646990110978006,5554.020808980131,68.01165
ns,30.15472036855611,5460.50495536014,68.01165
ns,30.671145944393988,5368.563675401122,68.01165
ns,31.19641575331116,5278.170457211038,68.01165
ns,31.730681260421665,5189.299235291989,68.01165
ns,32.274096524810226,5101.9243830240175,68.01165
ns,32.82681824395615,5016.020705275513,68.01165
ns,33.389005798918134,4931.563431138021,68.01165
ns,33.9608213002929,4848.528206783381,68.01165
ns,34.54242963496076,4766.891088441152,68.01165
ns,35.13399851363212,4686.628535494226,68.01165
ns,35.73569851920768,4607.717403690778,68.01165
ns,36.34770315596749,4530.134938470424,68.01165
ns,36.9701888996018,4453.858768402818,68.01165
ns,37.60333524809924,4378.86689873668,68.01165
ns,38.247324773506165,4305.137705057468,68.01165
ns,38.90234317457259,4232.649927051832,68.01165
ns,39.5685793302997,4161.382662377048,68.01165
ns,40.24622535440426,4091.315360633709,68.01165
ns,40.935476650716176,4022.427817439845,68.01165
ns,41.63653196952419,3954.7001686048848,68.01165
ns,42.34959346488715,3888.1128844016584,68.01165
ns,43.07486675292634,3822.6467639348793,68.01165
ns,43.81256097111636,3758.282929604432,68.01165
ns,44.56288883859132,3695.0028216618884,68.01165
ns,45.32606671748374,3632.788192858686,68.01165
ns,46.10231467531433,3571.6211031843886,68.01165
ns,46.891856548449546,3511.483914693593,68.01165
ns,47.694920006646726,3452.3592864198768,68.01165
ns,48.511736618703885,3394.2301693754393,68.01165
ns,49.34254191923435,3337.079801634894,68.01165
ns,50.1875754765847,3280.891703501857,68.01165
ns,51.047080961915924,3225.649672756918,68.01165
ns,51.92130621946767,3171.337779985617,68.01165
ns,52.810503338025704,3117.940363985096,68.01165
ns,53.71492872361371,3065.44202724807,68.01165
ns,54.63484317342932,3013.8276315228713,68.01165
ns,55.570511951047045,2963.0822934482167,68.01165
ns,56.52220486290873,2913.191380261494,68.01165
ns,57.490196336124065,2864.140505579307,68.01165
ns,58.47476549760354,2815.915525249062,68.01165
ns,59.47619625454645,2768.5025332704113,68.01165
ns,60.494777376307766,2721.8878577853498,68.01165
ns,61.53080257766635,2676.0580571358605,68.01165
ns,62.5845706035199,2630.9999159879058,68.01165
ns,63.656385315029944,2586.700441520704,68.01165
ns,64.7465557772423,2543.1468596801587,68.01165
ns,65.8553963482081,2500.326611495374,68.01165
ns,66.9832267696309,2458.227349457195,68.01165
ns,68.13037225906673,2416.836933957706,68.01165
ns,69.29716360370232,2376.1434297897117,68.01165
ns,70.48393725574032,2336.1351027051182,68.01165
ns,71.69103542941708,2296.8004160313026,68.01165
ns,72.91880619968288,2258.1280273444204,68.01165
ns,74.16760360257142,2220.106785198749,68.01165
ns,75.43778773728864,2182.725725911089,68.01165
ns,76.72972487004982,2145.97407039931,68.01165
ns,78.04378753969463,2109.841221074139,68.01165
ns,79.38035466511177,2074.316758783257,68.01165
ns,80.73981165450216,2039.3904398068821,68.01165
ns,82.12255051651456,2005.0521929039141,68.01165
ns,83.52896997328362,1971.2921164078257,68.01165
ns,84.95947557540421,1938.10047537145,68.01165
ns,86.4144798188747,1905.4676987598423,68.01165
ns,87.89440226404277,1873.3843766904108,68.01165
ns,89.399669656589,1841.8412577195033,68.01165
ns,90.93071605058122,1810.8292461747035,68.01165
ns,92.48798293363745,1780.339399532022,68.01165
ns,94.07191935423162,1750.362925837264,68.01165
ns,95.68298205117983,1720.8911811708072,68.01165
ns,97.32163558534408,1691.9156671550697,68.01165
ns,98.98835247359132,1663.4280285039488,68.01165
ns,100.68361332504747,1635.420050613508,68.01165
ns,102.40790697968363,1607.8836571932513,68.01165
ns,104.16173064927675,1580.8109079372648,68.01165
ns,105.94559006078414,1554.1939962345734,68.01165
ns,107.75999960217322,1528.0252469180527,68.01165
ns,109.6054824707484,1502.2971140512482,68.01165
ns,111.48257082401888,1477.0021787524481,68.01165
ns,113.39180593315008,1452.1331470553964,68.01165
ns,115.33373833904277,1427.6828478060293,68.01165
ns,117.3089280110844,1403.644230594635,68.01165
ns,119.31794450862154,1380.0103637228028,68.01165
ns,121.36136714519535,1356.7744322046296,68.01165
ns,123.4397851555904,1333.929735801576,68.01165
ns,125.55379786574481,1311.4696870904027,68.01165
ns,127.7040148655702,1289.3878095636394,68.01165
ns,129.89105618473076,1267.6777357620444,68.01165
ns,132.1155524714329,1246.3332054385053,68.01165
ns,134.378145174277,1225.3480637528523,68.01165
ns,136.67948672722403,1204.7162594970644,68.01165
ns,139.02024073772844,1184.4318433503706,68.01165
ns,141.40108217809427,1164.4889661637185,68.01165
ns,143.8226975801083,1144.8818772731297,68.01165
ns,146.28578523300584,1125.6049228414604,68.01165
ns,148.79105538482696,1106.6525442280806,68.01165
ns,151.3392304472215,1088.0192763859998,68.01165
ns,153.9310452037619,1069.699746285981,68.01165
ns,156.56724702182208,1051.6886713671984,68.01165
ns,159.2485960680864,1033.9808580139693,68.01165
ns,161.97586552774922,1016.5712000581404,68.01165
ns,164.7498418274677,999.4546773066903,68.01165
ns,167.5713248621329,982.6263540941258,68.01165
ns,170.44112822552543,966.0813778592458,68.01165
ns,173.360079444921,949.8149777458706,68.01165
ns,176.32902021971276,933.8224632271381,68.01165
ns,179.34880666412124,918.0992227529566,68.01165
ns,182.42030955406133,902.6407224202305,68.01165
ns,185.54441457823592,887.4425046654807,68.01165
ns,188.72202259352994,872.5001869794772,68.01165
ns,191.95404988477887,857.8094606435122,68.01165
ns,195.24142842898627,843.3660894869481,68.01165
ns,198.58510616406465,829.1659086656941,68.01165
ns,201.98604726218016,815.2048234612437,68.01165
ns,205.44523240777875,801.4788080999318,68.01165
ns,208.96365908037274,787.9839045920783,68.01165
ns,212.54234184217032,774.7162215906759,68.01165
ns,216.18231263063197,761.6719332692923,68.01165
ns,219.88462105603702,748.8472782188657,68.01165
ns,223.65033470414568,736.2385583630776,68.01165
ns,227.48053944404305,723.8421378919932,68.01165
ns,231.37633974125953,711.6544422136412,68.01165
ns,235.33885897624953,699.6719569232616,68.01165
ns,239.36923976832537,687.891226789904,68.01165
ns,243.4686443051399,676.3088547600864,68.01165
ns,247.63825467781172,664.921500978231,68.01165
ns,251.8792732217886,653.7258818235952,68.01165
ns,256.1929228635487,642.7187689634184,68.01165
ns,260.5804474732399,631.8969884220098,68.01165
ns,265.04311222335946,621.2574196655081,68.01165
ns,269.5822039535732,610.7969947020589,68.01165
ns,274.19903154178525,600.5126971971359,68.01165
ns,278.89492628156245,590.40156160376,68.01165
ns,283.67124226602147,580.4606723073641,68.01165
ns,288.52935677829015,570.6871627850575,68.01165
ns,293.47067068865675,561.0782147790432,68.01165
ns,298.4966088585216,551.6310574839524,68.01165
ns,303.60862055126364,542.3429667478679,68.01165
ns,308.80817985014625,533.2112642867935,68.01165
ns,314.09678608337975,524.2333169123531,68.01165
ns,319.47596425646236,515.4065357724928,68.01165
ns,324.9472654919251,506.7283756049696,68.01165
ns,330.5122674766093,498.1963340034063,68.01165
ns,336.1725749166041,489.80795069570433,68.01165
ns,341.9298199999726,481.5608068346107,68.01165
ns,347.785662867405,473.4525243002252,68.01165
ns,353.74179209093256,465.48076501425265,68.01165
ns,359.79992516083774,457.64323026580314,68.01165
ns,365.9618089809038,449.93766004854376,68.01165
ns,372.2292203721468,442.3618324090098,68.01165
ns,378.60396658517516,434.91356280588826,68.01165
ns,385.0878858213206,427.5907034800925,68.01165
ns,391.6828477626967,420.3911428354407,68.01165
ns,398.3907541113357,413.3128048297615,68.01165
ns,405.21353913755604,406.3536483762543,68.01165
ns,412.15317023772167,399.51166675492857,68.01165
ns,419.2116485015549,392.7848870339519,68.01165
ns,426.3910092891651,386.17136950074087,68.01165
ns,433.6933228179581,379.6692071026321,68.01165
ns,441.1206947595946,373.2765248969734,68.01165
ns,448.6752668471797,366.99147951046683,68.01165
ns,456.3592174928437,360.81225860762214,68.01165
ns,464.17476241590094,354.73708036815776,68.01165
ns,472.12415528176894,348.7641929732002,68.01165
ns,480.2096883518285,342.8918741001345,68.01165
ns,488.43369314441304,337.11843042596104,68.01165
ns,496.7985411071137,331.44219713901697,68.01165
ns,505.30664430060864,325.8615374589122,68.01165
ns,513.9604560941935,320.3748421645551,68.01165
ns,522.7624718732266,314.9805291301231,68.01165
ns,531.715229758691,309.67704286884515,68.01165
ns,540.8213113390804,304.462854084466,68.01165
ns,550.0833424148165,299.33645923026387,68.01165
ns,559.503993755415,294.29638007549323,68.01165
ns,569.0859818696217,289.3411632791261,68.01165
ns,578.8320697887376,284.4693799707706,68.01165
ns,588.7450678633543,279.6796253386483,68.01165
ns,598.8278345737392,274.9705182245063,68.01165
ns,609.0832773540996,270.34070072535,68.01165
ns,619.514353430959,265.7888378018837,68.01165
ns,630.124070675893,261.3136168935428,68.01165
ns,640.9154884728703,256.91374754000816,68.01165
ns,651.8917186004483,252.587961009092,68.01165
ns,663.0559261290729,248.33500993089183,68.01165
ns,674.4113303337487,244.15366793810247,68.01165
ns,685.9612056223409,240.04272931238376,68.01165
ns,697.7088824797718,236.00100863668433,68.01165
ns,709.6577484283865,232.027340453419,68.01165
ns,721.8112490047704,228.1205789284004,68.01165
ns,734.1728887532945,224.27959752042958,68.01165
ns,746.7462322366702,220.50328865645145,68.01165
ns,759.5349050638179,216.79056341217773,68.01165
ns,772.5425949353368,213.1403511980881,68.01165
ns,785.7730527068773,209.55159945071867,68.01165
ns,799.2300934707241,206.02327332914862,68.01165
ns,812.9175976559053,202.55435541659645,68.01165
ns,826.839512147143,199.14384542704025,68.01165
ns,840.9998514229594,195.79075991677965,68.01165
ns,855.4026987132812,192.49413200085272,68.01165
ns,870.0522071768689,189.25301107422743,68.01165
ns,884.9526010989059,186.06646253768898,68.01165
ns,900.1081771090987,182.93356752834185,68.01165
ns,915.5233054206403,179.8534226546493,68.01165
ns,931.2024310903934,176.82513973593373,68.01165
ns,947.1500753006512,173.84784554626407,68.01165
ns,963.3708366628449,170.92068156265643,68.01165
ns,979.8693925435954,168.04280371751085,68.01165
ns,996.6505004134575,165.2133821552202,68.01165
ns,1013.7189992187677,162.43160099287556,68.01165
ns,1031.0798107769888,159.6966580850007,68.01165
ns,1048.7379411959525,157.00776479224749,68.01165
ns,1066.6984823173984,154.36414575398737,68.01165
ns,1084.9666131852478,151.76503866472973,68.01165
ns,1103.547601539009,149.20969405430716,68.01165
ns,1122.4468053327737,146.69737507175938,68.01165
ns,1141.6696742802108,144.22735727285854,68.01165
ns,1161.2217514260374,141.79892841120952,68.01165
ns,1181.108674744385,139.41138823286997,68.01165
ns,1201.3361787645522,137.0640482744268,68.01165
ns,1221.9100962245968,134.75623166447278,68.01165
ns,1242.8363597532386,132.487272928427,68.01165
ns,1264.1210035805823,130.25651779663957,68.01165
ns,1285.7701652781184,128.06332301572982,68.01165
ns,1307.790087528545,125.90705616309849,68.01165
ns,1330.187119925877,123.78709546456552,68.01165
ns,1352.9677208064,121.70282961507674,68.01165
ns,1376.1384591109781,119.65365760242956,68.01165
ns,1399.7060162792447,117.63898853396793,68.01165
ns,1423.6771881762504,115.65824146619337,68.01165
ns,1448.0588870520864,113.71084523724704,68.01165
ns,1472.85814353509,111.79623830221031,68.01165
ns,1498.082108659164,109.9138685711803,68.01165
ns,1523.7380559258302,108.06319325007068,68.01165
ns,1549.8333834015964,106.24367868409306,68.01165
ns,1576.3756158512308,104.45480020387454,68.01165
ns,1603.3724069075888,102.69604197416518,68.01165
ns,1630.8315412785792,100.96689684509403,68.01165
ns,1658.760936991949,99.26686620592827,68.01165
ns,1687.1686476784887,97.59545984129622,68.01165
ns,1716.0628648943637,95.95219578982967,68.01165
ns,1745.4519204831938,94.33660020518762,68.01165
ns,1775.344288978602,92.7482072194193,66.88871602945252
ns,1805.7485900479082,91.18655880862762,65.76247693309811
ns,1836.6735909776576,89.65120466089559,64.6552008932569
ns,1868.1282092017407,88.14170204643499,63.56656861936826
ns,1900.1215148727822,86.65761568992306,62.496266196928275
ns,1932.6627334775949,85.19851764498716,61.44398499696981
ns,1965.7612484973986,83.76398717080413,60.40942158706775
ns,1999.4266041136168,82.35361061077651,59.39227764384195
ns,2033.6685079600113,80.96698127325172,58.39225986693355
ns,2068.496833921931,79.60369931425024,57.40907989443018
ns,2103.9216249835295,78.26337162216727,56.442454219714406
ns,2139.9530961237115,76.94561170441698,55.49210410971315
ns,2176.6016372617078,75.65003957598411,54.557755524522655
ns,2213.8778162530625,74.37628164985333,53.639139038387626
ns,2251.7923819369626,73.12397062928227,52.7359897620101
ns,2290.356267235724,71.89274540188956,51.848047266167164
ns,2329.580592307379,70.68225093552537,50.975055506614275
ns,2369.4766677522584,69.49213817589533,50.116762750253
ns,2410.0559978744623,68.32206394590878,49.27292150254245
ns,2451.330283999223,67.17169084672076,48.44328843613211
ns,2493.3114278470425,66.04068716044141,47.62762432069717
ns,2536.011534965655,64.92872675448221,46.82569395395445
ns,2579.4429182207246,63.83548898751398,46.037266093840515
ns,2623.618101346353,62.760658617007564,45.26211339183139
ns,2668.549822556389,61.70392570833127,44.500012327384866
ns,2714.251038217562,60.664985545379615,43.7507431434872
ns,2760.73492658556,59.643538542705826,43.01408978328428
ns,2808.0148916050452,58.63929015913491,42.289839827780575
ns,2856.104566774797,57.65195081283009,41.5777844345863
ns,2905.017819079003,56.68123579779048,40.87771827769657
ns,2954.768752985906,55.72686520175389,40.189439488284194
ns,3005.3717145149326,54.788563825482115,39.512749596489215
ns,3056.841295373446,53.86606110340574,38.84745347418914
ns,3109.192337164384,52.95909102560431,38.19335927873208
ns,3162.439935665916,52.06739206110091,37.5502783976179
ns,3216.5994451844344,51.190707082447645,36.91802539411028
ns,3271.6864829820497,50.328783291581495,36.296417953765015
ns,3327.7169337799596,49.481372146927896,35.68527683185814
ns,3384.7069543388925,48.6482292917325,35.084425801699744
ns,3442.672978118029,47.82911448359903,34.49369160381772
ns,3501.6317200137128,47.02379152521362,33.91290389599708
ns,3561.600181179279,46.232028196236094,33.3418952041609
ns,3622.5956539274807,45.45359618633724,32.78050087407774
ns,3684.635726716817,44.68827102936435,32.22855902388274
ns,3747.7382892233113,43.935832038614535,31.685910497397643
ns,3811.921537499097,43.19606224319852,31.152398818237252
ns,3877.203979219383,42.46874832547547,30.627870144688295
ns,3943.604439019279,41.75368055954129,30.112173225348037
ns,4011.142063921979,41.05065275075304,29.605159355510132
ns,4079.836328859968,40.359462176270945,29.10668233428436
ns,4149.707042290719,39.67990952660226,28.616598422438855
ns,4220.774351908627,39.01179884812867,28.13476630095168
ns,4293.058750454707,38.354937486602005,27.66104703026073
ns,4366.5810816258245,37.70913603159101,27.195304010199486
ns,4441.362546085132,37.07420826186339,26.73740294060736
ns,4517.424707575394,36.44997109168795,26.287211782603485
ns,4594.789499137071,35.836244518040296,25.844600720512233
ns,4673.479229432831,35.232851568697996,25.409442124430164
ns,4753.516589180429,34.63961825120918,24.981610513422908
ns,4834.924657695706,34.05637350272091,24.560982519342033
ns,4917.726909547692,33.482949140651776,24.14743685125087
ns,5001.947221327634,32.919179814195516,23.74085426044956
ns,5087.609878533978,32.36490295664094,23.34111750608885
ns,5174.739582575282,31.819958738494552,22.94811132136279
ns,5263.361457892989,31.28419002139293,22.56172238027099
ns,5353.501059206281,30.757442312790495,22.181839264940045
ns,5445.184378880907,30.23956372141082,21.80835243349566
ns,5538.437854424306,29.730404913447494,21.441154188475323
ns,5633.288376108998,29.229819069502934,21.080138645773157
ns,5729.763294726597,28.73766184225189,20.72520170410745
ns,5827.890429474615,28.253791314817857,20.376241015002297
ns,5927.698075978273,27.77806795985058,20.03315595327485
ns,6029.215014449785,27.310354599292157,19.69584758801921
ns,6132.47051798728,26.850516364821036,19.364218654079195
ns,6237.494361015947,26.398420658961623,19.038173524001106
ns,6344.316827873644,25.953937116849083,18.71761818045905
ns,6452.968721543639,25.516937568637566,18.402460189144268
ns,6563.481372536819,25.08729600254172,18.092608672111204
ns,6675.886647926074,24.664888528500278,17.78797428157216
ns,6790.2169605354,24.249593342451426,17.488469174133233
ns,6906.505278286315,23.841290691209963,17.19400698546416
ns,7024.785133704433,23.439862837935458,16.904502805394475
ns,7145.090633588741,23.045194028182223,16.619873153429207
ns,7267.456468846586,22.657170456520547,16.340035954676566
ns,7391.917924496979,22.27568023372028,16.06491051618122
ns,7518.510889845293,21.900613354486765,15.794417503655902
ns,7647.2718688322075,21.53186166573999,15.528478918604739
ns,7778.237990559822,21.16931883542804,15.267018075832004
ns,7911.447019998138,20.81288032186541,15.009959581329277
ns,8046.937368874785,20.46244334358783,14.757229310535203
ns,8184.748106751369,20.11790684971436,14.50875438696104
ns,8324.918972289384,19.779171490808864,14.26446316117635
ns,8467.490384709154,19.446139590231827,14.024285190148333
ns,8612.50345544501,19.118715115974602,13.788151216929077
ns,8760.0,18.796803652968038,13.555993150684932
hs_ms,10.0,12312.0,46.81530000000001
hs_ms,10.17125861872571,12104.696637378875,46.81530000000001
hs_ms,10.345450188900204,11900.883746180267,46.81530000000001
hs_ms,10.522624939844873,11700.502555573845,46.81530000000001
hs_ms,10.70283396110153,11503.49528428343,46.81530000000001
hs_ms,10.886129217164418,11309.805123925387,46.81530000000001
hs_ms,11.072563562464536,11119.376222627518,46.81530000000001
hs_ms,11.262190756610565,10932.15366892381,46.81530000000001
hs_ms,11.455065479890823,10748.083475920335,46.81530000000001
hs_ms,11.65124334904069,10567.112565727772,46.81530000000001
hs_ms,11.850780933280072,10389.188754156028,46.81530000000001
hs_ms,12.053735770625526,10214.260735666576,46.81530000000001
hs_ms,12.260166384481732,10042.278068578153,46.81530000000001
hs_ms,12.470132300517104,9873.191160521572,46.81530000000001
hs_ms,12.683694063828446,9706.9512541394,46.81530000000001
hs_ms,12.900913256399521,9543.510413026466,46.81530000000001
hs_ms,13.12185251485864,9382.821507907061,46.81530000000001
hs_ms,13.346575548540356,9224.8382030449,46.81530000000001
hs_ms,13.575147157856492,9069.514942881884,46.81530000000001
hs_ms,13.807633252981773,8916.806938901864,46.81530000000001
hs_ms,14.044100872859458,8766.670156715563,46.81530000000001
hs_ms,14.284618204532503,8619.061303362947,46.81530000000001
hs_ms,14.52925460280574,8473.937814829424,46.81530000000001
hs_ms,14.778080610244807,8331.257843772206,46.81530000000001
hs_ms,15.031167977517578,8190.9802474533635,46.81530000000001
hs_ms,15.288589684083957,8053.064575876016,46.81530000000001
hs_ms,15.550419959239992,7917.471060120317,46.81530000000001
hs_ms,15.816734303522408,7784.160600875809,46.81530000000001
hs_ms,16.087609510479695,7653.0947571668685,46.81530000000001
hs_ms,16.36312368881603,7524.235735268005,46.81530000000001
hs_ms,16.64335628491449,7397.546377805766,46.81530000000001
hs_ms,16.92838810574592,7272.990153044162,46.81530000000001
hs_ms,17.2183013421702,7150.531144350498,46.81530000000001
hs_ms,17.513179592636508,7030.134039838565,46.81530000000001
hs_ms,17.81310788728953,6911.764122186211,46.81530000000001
hs_ms,18.118172712488466,6795.387258624378,46.81530000000001
hs_ms,18.428462035745927,6680.9698910946845,46.81530000000001
hs_ms,18.74406533109403,6568.479026572721,46.81530000000001
hs_ms,19.065073604884795,6457.882227554294,46.81530000000001
hs_ms,19.39157942203245,6349.147602701857,46.81530000000001
hs_ms,19.723676932705168,6242.243797648418,46.81530000000001
hs_ms,20.06146189947389,6137.139985956298,46.81530000000001
hs_ms,20.405031724926136,6033.805860228119,46.81530000000001
hs_ms,20.754485479752642,5932.21162336747,46.81530000000001
hs_ms,21.109923931315176,5832.327979986684,46.81530000000001
hs_ms,21.47144957270336,5734.126127959352,46.81530000000001
hs_ms,21.83916665228935,5637.577750115003,46.81530000000001
hs_ms,22.21318120378852,5542.655006073671,46.81530000000001
hs_ms,22.59360107683499,5449.33052421793,46.81530000000001
hs_ms,22.980535968080837,5357.5773938001,46.81530000000001
hs_ms,23.37409745282784,5267.369157182355,46.81530000000001
hs_ms,23.774399017200995,5178.679802207474,46.81530000000001
hs_ms,24.181556090872967,5091.483754698075,46.81530000000001
hs_ms,24.595686080349083,5005.755871082112,46.81530000000001
hs_ms,25.01690840282226,4921.47143114256,46.81530000000001
hs_ms,25.445344520607755,4838.606130889177,46.81530000000001
hs_ms,25.881117976167666,4757.136075550278,46.81530000000001
hs_ms,26.324354427735226,4677.03777268252,46.81530000000001
hs_ms,26.775181685549235,4598.288125396691,46.81530000000001
hs_ms,27.233729748708928,4520.864425697577,46.81530000000001
hs_ms,27.70013084266026,4444.744347935933,46.81530000000001
hs_ms,28.174519457323804,4369.905942370764,46.81530000000001
hs_ms,28.657032385875993,4296.327628839941,46.81530000000001
hs_ms,29.147808764194302,4223.988190537425,46.81530000000001
hs_ms,29.646990110978006,4152.866767895261,46.81530000000001
hs_ms,30.15472036855611,4082.9428525685685,46.81530000000001
hs_ms,30.671145944393988,4014.19628152184,46.81530000000001
hs_ms,31.19641575331116,3946.607231214764,46.81530000000001
hs_ms,31.730681260421665,3880.1562118860056,46.81530000000001
hs_ms,32.274096524810226,3814.8240619331777,46.81530000000001
hs_ms,32.82681824395615,3750.5919423874725,46.81530000000001
hs_ms,33.389005798918134,3687.441331481314,46.81530000000001
hs_ms,33.9608213002929,3625.354019307482,46.81530000000001
hs_ms,34.54242963496076,3564.3121025681685,46.81530000000001
hs_ms,35.13399851363212,3504.29797941242,46.81530000000001
hs_ms,35.73569851920768,3445.2943443605527,46.81530000000001
hs_ms,36.34770315596749,3387.284183313972,46.81530000000001
hs_ms,36.9701888996018,3330.2507686490644,46.81530000000001
hs_ms,37.60333524809924,3274.17765439366,46.81530000000001
hs_ms,38.247324773506165,3219.0486714847293,46.81530000000001
hs_ms,38.90234317457259,3164.847923105924,46.81530000000001
hs_ms,39.5685793302997,3111.5597801036206,46.81530000000001
hs_ms,40.24622535440426,3059.1688764801547,46.81530000000001
hs_ms,40.935476650716176,3007.6601049629157,46.81530000000001
hs_ms,41.63653196952419,2957.0186126480835,46.81530000000001
hs_ms,42.34959346488715,2907.2297967176737,46.81530000000001
hs_ms,43.07486675292634,2858.279300228728,46.81530000000001
hs_ms,43.81256097111636,2810.1530079733857,46.81530000000001
hs_ms,44.56288883859132,2762.8370424086706,46.81530000000001
hs_ms,45.32606671748374,2716.3177596548126,46.81530000000001
hs_ms,46.10231467531433,2670.581745560925,46.81530000000001
hs_ms,46.891856548449546,2625.615811836968,46.81530000000001
hs_ms,47.694920006646726,2581.406992250791,46.81530000000001
hs_ms,48.511736618703885,2537.9425388892514,46.81530000000001
hs_ms,49.34254191923435,2495.209918482255,46.81530000000001
hs_ms,50.1875754765847,2453.196808788708,46.81530000000001
hs_ms,51.047080961915924,2411.891095043312,46.81530000000001
hs_ms,51.92130621946767,2371.2808664631916,46.81530000000001
hs_ms,52.810503338025704,2331.354412813343,46.81530000000001
hs_ms,53.71492872361371,2292.1002210298943,46.81530000000001
hs_ms,54.63484317342932,2253.5069719002545,46.81530000000001
hs_ms,55.570511951047045,2215.563536799128,46.81530000000001
hs_ms,56.52220486290873,2178.258974479504,46.81530000000001
hs_ms,57.490196336124065,2141.5825279176743,46.81530000000001
hs_ms,58.47476549760354,2105.523621211372,46.81530000000001
hs_ms,59.47619625454645,2070.0718565301413,46.81530000000001
hs_ms,60.494777376307766,2035.2170111170428,46.81530000000001
hs_ms,61.53080257766635,2000.9490343408668,46.81530000000001
hs_ms,62.5845706035199,1967.2580447979528,46.81530000000001
hs_ms,63.656385315029944,1934.1343274628268,46.81530000000001
hs_ms,64.7465557772423,1901.5683308868038,46.81530000000001
hs_ms,65.8553963482081,1869.5506644437658,46.81530000000001
hs_ms,66.9832267696309,1838.0720956223117,46.81530000000001
hs_ms,68.13037225906673,1807.1235473634931,46.81530000000001
hs_ms,69.29716360370232,1776.6960954433944,46.81530000000001
hs_ms,70.48393725574032,1746.7809658997578,46.81530000000001
hs_ms,71.69103542941708,1717.3695325019673,46.81530000000001
hs_ms,72.91880619968288,1688.4533142636042,46.81530000000001
hs_ms,74.16760360257142,1660.0239729969028,46.81530000000001
hs_ms,75.43778773728864,1632.0733109083765,46.81530000000001
hs_ms,76.72972487004982,1604.5932682349269,46.81530000000001
hs_ms,78.04378753969463,1577.575920919762,46.81530000000001
hs_ms,79.38035466511177,1551.0134783274295,46.81530000000001
hs_ms,80.73981165450216,1524.8982809973481,46.81530000000001
hs_ms,82.12255051651456,1499.2227984351387,46.81530000000001
hs_ms,83.52896997328362,1473.9796269411606,46.81530000000001
hs_ms,84.95947557540421,1449.1614874756037,46.81530000000001
hs_ms,86.4144798188747,1424.7612235595275,46.81530000000001
hs_ms,87.89440226404277,1400.7717992112437,46.81530000000001
hs_ms,89.399669656589,1377.1862969174374,46.81530000000001
hs_ms,90.93071605058122,1353.997915638464,46.81530000000001
hs_ms,92.48798293363745,1331.1999688472158,46.81530000000001
hs_ms,94.07191935423162,1308.78588260102,46.81530000000001
hs_ms,95.68298205117983,1286.7491936459965,46.81530000000001
hs_ms,97.32163558534408,1265.0835475533352,46.81530000000001
hs_ms,98.98835247359132,1243.782696886956,46.81530000000001
hs_ms,100.68361332504747,1222.8404994020107,46.81530000000001
hs_ms,102.40790697968363,1202.2509162737344,46.81530000000001
hs_ms,104.16173064927675,1182.0080103561038,46.81530000000001
hs_ms,105.94559006078414,1162.1059444698208,46.81530000000001
hs_ms,107.75999960217322,1142.5389797191222,46.81530000000001
hs_ms,109.6054824707484,1123.3014738369347,46.81530000000001
hs_ms,111.48257082401888,1104.3878795578855,46.81530000000001
hs_ms,113.39180593315008,1085.7927430187076,46.81530000000001
hs_ms,115.33373833904277,1067.5107021855845,46.81530000000001
hs_ms,117.3089280110844,1049.5364853079768,46.81530000000001
hs_ms,119.31794450862154,1031.8649093984664,46.81530000000001
hs_ms,121.36136714519535,1014.490878738212,46.81530000000001
hs_ms,123.4397851555904,997.4093834075672,46.81530000000001
hs_ms,125.55379786574481,980.615497841433,46.81530000000001
hs_ms,127.7040148655702,964.1043794089353,46.81530000000001
hs_ms,129.89105618473076,947.8712670170225,46.81530000000001
hs_ms,132.1155524714329,931.911479737573,46.81530000000001
hs_ms,134.378145174277,916.2204154576167,46.81530000000001
hs_ms,136.67948672722403,900.7935495522809,46.81530000000001
hs_ms,139.02024073772844,885.6264335800902,46.81530000000001
hs_ms,141.40108217809427,870.7146940002249,46.81530000000001
hs_ms,143.8226975801083,856.0540309113794,46.81530000000001
hs_ms,146.28578523300584,841.6402168118585,46.81530000000001
hs_ms,148.79105538482696,827.4690953805494,46.81530000000001
hs_ms,151.3392304472215,813.5365802784179,46.81530000000001
hs_ms,153.9310452037619,799.838653970181,46.81530000000001
hs_ms,156.56724702182208,786.3713665658292,46.81530000000001
hs_ms,159.2485960680864,773.1308346816464,46.81530000000001
hs_ms,161.97586552774922,760.1132403204072,46.81530000000001
hs_ms,164.7498418274677,747.3148297704344,46.81530000000001
hs_ms,167.5713248621329,734.7319125231918,46.81530000000001
hs_ms,170.44112822552543,722.3608602090997,46.81530000000001
hs_ms,173.360079444921,710.1981055512667,46.81530000000001
hs_ms,176.32902021971276,698.240141336847,46.81530000000001
hs_ms,179.34880666412124,686.4835194057089,46.81530000000001
hs_ms,182.42030955406133,674.9248496561326,46.81530000000001
hs_ms,185.54441457823592,663.5607990672536,46.81530000000001
hs_ms,188.72202259352994,652.3880907379645,46.81530000000001
hs_ms,191.95404988477887,641.403502941997,46.81530000000001
hs_ms,195.24142842898627,630.6038681989132,46.81530000000001
hs_ms,198.58510616406465,619.986072360745,46.81530000000001
hs_ms,201.98604726218016,609.5470537140066,46.81530000000001
hs_ms,205.44523240777875,599.2838020968275,46.81530000000001
hs_ms,208.96365908037274,589.1933580309527,46.81530000000001
hs_ms,212.54234184217032,579.2728118683591,46.81530000000001
hs_ms,216.18231263063197,569.5193029522366,46.81530000000001
hs_ms,219.88462105603702,559.9300187920973,46.81530000000001
hs_ms,223.65033470414568,550.5021942527761,46.81530000000001
hs_ms,227.48053944404305,541.2331107570885,46.81530000000001
hs_ms,231.37633974125953,532.120095501904,46.81530000000001
hs_ms,235.33885897624953,523.1605206874285,46.81530000000001
hs_ms,239.36923976832537,514.3518027594617,46.81530000000001
hs_ms,243.4686443051399,505.69140166441053,46.81530000000001
hs_ms,247.63825467781172,497.17682011684565,46.81530000000001
hs_ms,251.8792732217886,488.8056028793941,46.81530000000001
hs_ms,256.1929228635487,480.57533605475567,46.81530000000001
hs_ms,260.5804474732399,472.48364638963835,46.81530000000001
hs_ms,265.04311222335946,464.5282005904127,46.81530000000001
hs_ms,269.5822039535732,456.7067046502945,46.81530000000001
hs_ms,274.19903154178525,449.01690318784995,46.81530000000001
hs_ms,278.89492628156245,441.45657879664117,46.81530000000001
hs_ms,283.67124226602147,434.02355140582216,46.81530000000001
hs_ms,288.52935677829015,426.7156776515017,46.81530000000001
hs_ms,293.47067068865675,419.5308502586894,46.81530000000001
hs_ms,298.4966088585216,412.46699743364644,46.81530000000001
hs_ms,303.60862055126364,405.52208226647326,46.81530000000001
hs_ms,308.80817985014625,398.69410214375085,46.81530000000001
hs_ms,314.09678608337975,391.9810881710732,46.81530000000001
hs_ms,319.47596425646236,385.38110460530373,46.81530000000001
hs_ms,324.9472654919251,378.8922482963917,46.81530000000001
hs_ms,330.5122674766093,372.5126481385849,46.81530000000001
hs_ms,336.1725749166041,366.24046453088255,46.81530000000001
hs_ms,341.9298199999726,360.0738888465764,46.81530000000001
hs_ms,347.785662867405,354.0111429117195,46.81530000000001
hs_ms,353.74179209093256,348.05047849237695,46.81530000000001
hs_ms,359.79992516083774,342.1901767905118,46.81530000000001
hs_ms,365.9618089809038,336.42854794835847,46.81530000000001
hs_ms,372.2292203721468,330.7639305611399,46.81530000000001
hs_ms,378.60396658517516,325.1946911979896,46.81530000000001
hs_ms,385.0878858213206,319.71922393094246,46.81530000000001
hs_ms,391.6828477626967,314.33594987185387,46.81530000000001
hs_ms,398.3907541113357,309.0433167171155,46.81530000000001
hs_ms,405.21353913755604,303.83979830003904,46.81530000000001
hs_ms,412.15317023772167,298.7238941507762,46.81530000000001
hs_ms,419.2116485015549,293.69412906364727,46.81530000000001
hs_ms,426.3910092891651,288.74905267175524,46.81530000000001
hs_ms,433.6933228179581,283.8872390287627,46.81530000000001
hs_ms,441.1206947595946,279.10728619771265,46.81530000000001
hs_ms,448.6752668471797,274.40781584676716,46.81530000000001
hs_ms,456.3592174928437,269.7874728517578,46.81530000000001
hs_ms,464.17476241590094,265.24492490542684,46.81530000000001
hs_ms,472.12415528176894,260.7788621332467,46.81530000000001
hs_ms,480.2096883518285,256.3879967157085,46.81530000000001
hs_ms,488.43369314441304,252.07106251697024,46.81530000000001
hs_ms,496.7985411071137,247.82681471976053,46.81530000000001
hs_ms,505.30664430060864,243.65402946642334,46.81530000000001
hs_ms,513.9604560941935,239.55150350601252,46.81530000000001
hs_ms,522.7624718732266,235.51805384732634,46.81530000000001
hs_ms,531.715229758691,231.55251741778343,46.81530000000001
hs_ms,540.8213113390804,227.65375072804238,46.81530000000001
hs_ms,550.0833424148165,223.82062954226947,46.81530000000001
hs_ms,559.503993755415,220.05204855395803,46.81530000000001
hs_ms,569.0859818696217,216.34692106720516,46.81530000000001
hs_ms,578.8320697887376,212.70417868335525,46.81530000000001
hs_ms,588.7450678633543,209.12277099292106,46.81530000000001
hs_ms,598.8278345737392,205.6016652726905,46.81530000000001
hs_ms,609.0832773540996,202.1398461879333,46.81530000000001
hs_ms,619.514353430959,198.73631549962298,46.81530000000001
hs_ms,630.124070675893,195.39009177658806,46.81530000000001
hs_ms,640.9154884728703,192.10021011250944,46.81530000000001
hs_ms,651.8917186004483,188.86572184768255,46.81530000000001
hs_ms,663.0559261290729,185.68569429546582,46.81530000000001
hs_ms,674.4113303337487,182.559210473334,46.81530000000001
hs_ms,685.9612056223409,179.48536883845918,46.81530000000001
hs_ms,697.7088824797718,176.46328302774552,46.81530000000001
hs_ms,709.6577484283865,173.49208160224066,46.81530000000001
hs_ms,721.8112490047704,170.57090779585,46.81530000000001
hs_ms,734.1728887532945,167.69891926828186,46.81530000000001
hs_ms,746.7462322366702,164.87528786215415,46.81530000000001
hs_ms,759.5349050638179,162.09919936418876,46.81530000000001
hs_ms,772.5425949353368,159.3698532704276,46.81530000000001
hs_ms,785.7730527068773,156.68646255540193,46.81530000000001
hs_ms,799.2300934707241,154.04825344518875,46.81530000000001
hs_ms,812.9175976559053,151.45446519428737,46.81530000000001
hs_ms,826.839512147143,148.90434986625286,46.81530000000001
hs_ms,840.9998514229594,146.39717211802449,46.81530000000001
hs_ms,855.4026987132812,143.93220898788405,46.81530000000001
hs_ms,870.0522071768689,141.50874968698457,46.81530000000001
hs_ms,884.9526010989059,139.12609539439006,46.81530000000001
hs_ms,900.1081771090987,136.7835590555657,46.81530000000001
hs_ms,915.5233054206403,134.48046518426102,46.81530000000001
hs_ms,931.2024310903934,132.21614966772842,46.81530000000001
hs_ms,947.1500753006512,129.98995957522186,46.81530000000001
hs_ms,963.3708366628449,127.80125296972099,46.81530000000001
hs_ms,979.8693925435954,125.64939872282241,46.81530000000001
hs_ms,996.6505004134575,123.53377633275058,46.81530000000001
hs_ms,1013.7189992187677,121.45377574543203,46.81530000000001
hs_ms,1031.0798107769888,119.40879717858185,46.81530000000001
hs_ms,1048.7379411959525,117.39825094875204,46.81530000000001
hs_ms,1066.6984823173984,115.4215573012931,46.81530000000001
hs_ms,1084.9666131852478,113.47814624317701,46.81530000000001
hs_ms,1103.547601539009,111.56745737863656,46.81530000000001
hs_ms,1122.4468053327737,109.68893974757086,46.81530000000001
hs_ms,1141.6696742802108,107.8420516666728,46.81530000000001
hs_ms,1161.2217514260374,106.02626057323039,46.81530000000001
hs_ms,1181.108674744385,104.24104287155927,46.81530000000001
hs_ms,1201.3361787645522,102.48588378202008,46.81530000000001
hs_ms,1221.9100962245968,100.76027719257797,46.81530000000001
hs_ms,1242.8363597532386,99.06372551286245,46.81530000000001
hs_ms,1264.1210035805823,97.39573953068302,46.81530000000001
hs_ms,1285.7701652781184,95.75583827096233,46.81530000000001
hs_ms,1307.790087528545,94.14354885704292,46.81530000000001
hs_ms,1330.187119925877,92.55840637433079,46.81530000000001
hs_ms,1352.9677208064,90.99995373623373,46.81530000000001
hs_ms,1376.1384591109781,89.46774155235715,46.81530000000001
hs_ms,1399.7060162792447,87.96132799891978,46.81530000000001
hs_ms,1423.6771881762504,86.48027869135024,46.81530000000001
hs_ms,1448.0588870520864,85.02416655902985,46.81530000000001
hs_ms,1472.85814353509,83.5925717221434,46.81530000000001
hs_ms,1498.082108659164,82.18508137060438,46.81530000000001
hs_ms,1523.7380559258302,80.80128964501823,46.81530000000001
hs_ms,1549.8333834015964,79.4407975196498,46.81530000000001
hs_ms,1576.3756158512308,78.10321268736205,46.81530000000001
hs_ms,1603.3724069075888,76.78814944649106,46.81530000000001
hs_ms,1630.8315412785792,75.49522858962696,46.81530000000001
hs_ms,1658.760936991949,74.2240772942663,46.81530000000001
hs_ms,1687.1686476784887,72.97432901530664,46.81530000000001
hs_ms,1716.0628648943637,71.74562337935035,46.81530000000001
hs_ms,1745.4519204831938,70.5376060807889,46.81530000000001
hs_ms,1775.344288978602,69.34992877963624,46.042336975115724
hs_ms,1805.7485900479082,68.18224900108243,45.26709889211728
hs_ms,1836.6735909776576,67.03423003673912,44.504913884284385
hs_ms,1868.1282092017407,65.90554084754692,43.75556217039745
hs_ms,1900.1215148727822,64.79585596831852,43.018827669804466
hs_ms,1932.6627334775949,63.70485541388813,42.294497940112336
hs_ms,1965.7612484973986,62.632224586842,41.58236411592798
hs_ms,1999.4266041136168,61.57765418680192,40.88222084863042
hs_ms,2033.6685079600113,60.540840121236194,40.19386624715699
hs_ms,2068.496833921931,59.52148341777293,39.517101819787015
hs_ms,2103.9216249835295,58.51929013798879,38.85173241690499
hs_ms,2139.9530961237115,57.53397129265042,38.19756617472822
hs_ms,2176.6016372617078,56.5652427583819,37.55441445998128
hs_ms,2213.8778162530625,55.61282519573631,36.92209181550262
hs_ms,2251.7923819369626,54.67644396864589,36.300415906766446
hs_ms,2290.356267235724,53.75582906522921,35.689207469305565
hs_ms,2329.580592307379,52.85071501993128,35.088290257019196
hs_ms,2369.4766677522584,51.96084083697458,34.497490991351036
hs_ms,2410.0559978744623,51.08594991509953,33.916639311323515
hs_ms,2451.330283999223,50.22578997357136,33.345567724412746
hs_ms,2493.3114278470425,49.380112979433655,32.78411155825119
hs_ms,2536.011534965655,48.54867507598597,32.23210891314303
hs_ms,2579.4429182207246,47.731236512466424,31.68940061537946
hs_ms,2623.618101346353,46.92756157491784,31.155830171339826
hs_ms,2668.549822556389,46.137418518217814,30.63124372236552
hs_ms,2714.251038217562,45.360579499253845,30.115490000393997
hs_ms,2760.73492658556,44.596820511222774,29.608420284339353
hs_ms,2808.0148916050452,43.845921319037345,29.109888357207865
hs_ms,2856.104566774797,43.10766539581951,28.61975046393505
hs_ms,2905.017819079003,42.381839860463764,28.137865269933148
hs_ms,2954.768752985906,41.6682354162513,27.66409382033624
hs_ms,3005.3717145149326,40.96664629049774,27.198299499931583
hs_ms,3056.841295373446,40.27687017521751,26.740347993765877
hs_ms,3109.192337164384,39.5987081687866,26.290107248414444
hs_ms,3162.439935665916,38.93196471858827,25.847447433902893
hs_ms,3216.5994451844344,38.276447564623794,25.41224090626961
hs_ms,3271.6864829820497,37.631967684073324,24.984362170758917
hs_ms,3327.7169337799596,36.99833923678952,24.563687845633634
hs_ms,3384.7069543388925,36.37537951170962,24.15009662659727
hs_ms,3442.672978118029,35.76290887416927,23.743469251815064
hs_ms,3501.6317200137128,35.16075071410361,23.343688467523908
hs_ms,3561.600181179279,34.56873139512078,22.950638994221638
hs_ms,3622.5956539274807,33.98668020443241,22.564207493425197
hs_ms,3684.635726716817,33.41442930362771,22.1842825349889
hs_ms,3747.7382892233113,32.85181368027585,21.81075456497262
hs_ms,3811.921537499097,32.298671100343746,21.44351587405132
hs_ms,3877.203979219383,31.75484206141467,21.082460566456277
hs_ms,3943.604439019279,31.22016974669454,20.727484529439238
hs_ms,4011.142063921979,30.69449997979299,20.37848540325097
hs_ms,4079.836328859968,30.177681180265267,20.03536255162495
hs_ms,4149.707042290719,29.66956431990326,19.698017032758386
hs_ms,4220.774351908627,29.17000287976194,19.366351570781525
hs_ms,4293.058750454707,28.67885280790987,19.040270527707612
hs_ms,4366.5810816258245,28.19597247789071,18.71967987585498
hs_ms,4441.362546085132,27.721222647884247,18.404487170733486
hs_ms,4517.424707575394,27.254466420555207,18.09460152438762
hs_ms,4594.789499137071,26.795569203577806,17.789933579188222
hs_ms,4673.479229432831,26.344398670825317,17.49039548206573
hs_ms,4753.516589180429,25.900824724212768,17.195900859177033
hs_ms,4834.924657695706,25.464719456182426,16.906364790999092
hs_ms,4917.726909547692,25.03595711282064,16.621703787841717
hs_ms,5001.947221327634,24.614414057595965,16.341835765772842
hs_ms,5087.609878533978,24.199968735707717,16.066680022949033
hs_ms,5174.739582575282,23.792501639034676,15.79615721634449
hs_ms,5263.361457892989,23.391895271674343,15.5301893388721
hs_ms,5353.501059206281,22.99803411606198,15.2686996968894
hs_ms,5445.184378880907,22.610804599660515,15.01161288808358
hs_ms,5538.437854424306,22.230095062210953,14.758854779728605
hs_ms,5633.288376108998,21.855795723534563,14.510352487308634
hs_ms,5729.763294726597,21.48779865187691,14.266034353501228
hs_ms,5827.890429474615,21.125997732784978,14.025829927514435
hs_ms,5927.698075978273,20.770288638508465,13.789669944771935
hs_ms,6029.215014449785,20.42056879791601,13.557486306940001
hs_ms,6132.47051798728,20.07673736691829,13.329212062291004
hs_ms,6237.494361015947,19.73869519938877,13.104781386397317
hs_ms,6344.316827873644,19.40634481857439,12.8841295631505
hs_ms,6452.968721543639,19.07959038898735,12.667192966099865
hs_ms,6563.481372536819,18.758337688770418,12.453909040105449
hs_ms,6675.886647926074,18.442494082527354,12.244216283299778
hs_ms,6790.2169605354,18.13196849461083,12.03805422935335
hs_ms,6906.505278286315,17.826671382860262,11.835363430038832
hs_ms,7024.785133704433,17.52651471278157,11.636085438088683
hs_ms,7145.090633588741,17.231411932162004,11.440162790341574
hs_ms,7267.456468846586,16.941277946112045,11.247538991172393
hs_ms,7391.917924496979,16.65602909252788,11.058158496201443
hs_ms,7518.510889845293,16.375583117966784,10.871966696277804
hs_ms,7647.2718688322075,16.099859153928744,10.688909901732373
hs_ms,7778.237990559822,15.828777693537596,10.508935326896173
hs_ms,7911.447019998138,15.562260568614537,10.33199107487915
hs_ms,8046.937368874785,15.300230927137942,10.158026122605449
hs_ms,8184.748106751369,15.042613211082424,9.98699030610046
hs_ms,8324.918972289384,14.789333134631283,9.818834306025796
hs_ms,8467.490384709154,14.540317662755633,9.653509633457672
hs_ms,8612.50345544501,14.295494990154214,9.490968615904775
hs_ms,8760.0,14.054794520547945,9.331164383561646
