;SOC_MWh
1;499.95
2;499.900005
3;499.85001499950005
4;499.8000299980001
5;499.7500499950003
6;499.7000749900008
7;499.65010498250183
8;499.6001399720036
9;499.5501799580064
10;499.50022494001064
11;499.45027491751665
12;499.4003298900249
13;499.3503898570359
14;499.3004548180502
15;499.2505247725684
16;499.20059972009113
17;499.1506796601191
18;499.1007645921531
19;499.0508545156939
20;499.0009494302424
21;498.95104933529933
22;498.9011542303658
23;498.8512641149428
24;498.8013789885313
25;498.75149885063246
26;498.7016237007474
27;498.65175353837736
28;498.60188836302353
29;498.5520281741872
30;498.5021729713698
31;498.45232275407267
32;498.40247752179727
33;498.3526372740451
34;498.3028020103177
35;498.25297173011666
36;498.20314643294364
37;498.15332611830036
38;498.1035107856885
39;498.05370043460994
40;498.0038950645665
41;497.95409467506005
42;497.90429926559256
43;497.854508835666
44;497.80472338478245
45;497.754942912444
46;497.70516741815277
47;497.65539690141094
48;497.6056313617208
49;497.55587079858464
50;497.5061152115048
51;497.45636459998366
52;497.40661896352367
53;497.3568783016273
54;497.30714261379717
55;497.2574118995358
56;497.20768615834584
57;497.15796538973
58;497.10824959319103
59;497.0585387682317
60;497.00883291435485
61;496.9591320310634
62;496.9094361178603
63;496.85974517424853
64;496.8100591997311
65;496.7603781938111
66;496.7107021559917
67;496.66103108577613
68;496.61136498266757
69;496.5617038461693
70;496.5120476757847
71;496.4623964710171
72;496.41275023137
73;496.3631089563469
74;496.31347264545127
75;496.2638412981867
76;496.2142149140569
77;496.16459349256553
78;496.1149770332163
79;496.06536553551297
80;496.0157589989594
81;495.96615742305954
82;495.91656080731724
83;495.8669691512365
84;495.8173824543214
85;495.76780071607595
86;495.71822393600434
87;495.66865211361073
88;495.61908524839936
89;495.56952333987454
90;495.51996638754053
91;495.4704143909018
92;495.4208673494627
93;495.37132526272774
94;495.32178813020147
95;495.27225595138844
96;495.22272872579333
97;495.17320645292074
98;495.12368913227544
99;495.07417676336223
100;495.0246693456859
101;494.97516687875134
102;494.92566936206345
103;494.87617679512726
104;494.82668917744775
105;494.77720650853
106;494.7277287878792
107;494.6782560150004
108;494.6287881893989
109;494.57932531058
110;494.52986737804895
111;494.4804143913112
112;494.43096634987205
113;494.38152325323705
114;494.33208510091174
115;494.28265189240165
116;494.2332236272124
117;494.1838003048497
118;494.1343819248192
119;494.08496848662674
120;494.03555998977805
121;493.98615643377906
122;493.9367578181357
123;493.8873641423539
124;493.83797540593963
125;493.78859160839903
126;493.7392127492382
127;493.6898388279633
128;493.6404698440805
129;493.5911057970961
130;493.5417466865164
131;493.49239251184775
132;493.4430432725966
133;493.39369896826935
134;493.34435959837253
135;493.2950251624127
136;493.24569565989646
137;493.19637109033044
138;493.1470514532214
139;493.0977367480761
140;493.0484269744013
141;492.99912213170387
142;492.9498222194907
143;492.90052723726876
144;492.851237184545
145;492.8019520608266
146;492.7526718656205
147;492.703396598434
148;492.65412625877417
149;492.6048608461483
150;492.5556003600637
151;492.5063448000277
152;492.4570941655477
153;492.40784845613115
154;492.35860767128554
155;492.3093718105184
156;492.2601408733374
157;492.21091485925007
158;492.1616937677641
159;492.11247759838733
160;492.0632663506275
161;492.01406002399244
162;491.96485861799005
163;491.91566213212826
164;491.86647056591505
165;491.8172839188585
166;491.7681021904666
167;491.7189253802476
168;491.66975348770956
169;491.6205865123608
170;491.57142445370954
171;491.52226731126416
172;491.47311508453305
173;491.42396777302463
174;491.3748253762473
175;491.3256878937097
176;491.2765553249203
177;491.22742766938785
178;491.1783049266209
179;491.12918709612825
180;491.0800741774186
181;491.0309661700009
182;490.9818630733839
183;490.9327648870766
184;490.8836716105879
185;490.83458324342683
186;490.7854997851025
187;490.736421235124
188;490.6873475930005
189;490.63827885824116
190;490.5892150303553
191;490.5401561088523
192;490.4911020932414
193;490.4420529830321
194;490.3930087777338
195;490.34396947685605
196;490.2949350799084
197;490.2459055864004
198;490.19688099584175
199;490.1478613077422
200;490.0988465216114
201;490.04983663695924
202;490.00083165329556
203;489.95183157013025
204;489.90283638697326
205;489.85384610333455
206;489.8048607187242
207;489.7558802326524
208;489.7069046446291
209;489.65793395416466
210;489.6089681607692
211;489.56000726395314
212;489.51105126322676
213;489.46210015810044
214;489.41315394808464
215;489.3642126326898
216;489.3152762114266
217;489.2663446838054
218;489.217418049337
219;489.1684963075321
220;489.11957945790135
221;489.07066749995556
222;489.0217604332056
223;488.9728582571623
224;488.92396097133656
225;488.8750685752394
226;488.8261810683819
227;488.77729845027505
228;488.72842072043005
229;488.679547878358
230;488.63067992357014
231;488.5818168555778
232;488.53295867389227
233;488.4841053780249
234;488.4352569674871
235;488.38641344179035
236;488.3375748004462
237;488.28874104296614
238;488.23991216886185
239;488.191088177645
240;488.1422690688272
241;488.09345484192033
242;488.04464549643615
243;487.9958410318865
244;487.94704144778336
245;487.8982467436386
246;487.8494569189642
247;487.80067197327236
248;487.75189190607506
249;487.70311671688444
250;487.6543464052128
251;487.60558097057225
252;487.5568204124752
253;487.50806473043394
254;487.4593139239609
255;487.41056799256853
256;487.3618269357693
257;487.3130907530757
258;487.2643594440004
259;487.215633008056
260;487.1669114447552
261;487.11819475361074
262;487.0694829341354
263;487.020775985842
264;486.97207390824343
265;486.9233767008526
266;486.8746843631825
267;486.8259968947462
268;486.7773142950567
269;486.7286365636272
270;486.67996369997087
271;486.63129570360087
272;486.5826325740305
273;486.53397431077315
274;486.4853209133421
275;486.4366723812508
276;486.38802871401265
277;486.33938991114127
278;486.2907559721502
279;486.242126896553
280;486.1935026838633
281;486.1448833335949
282;486.0962688452616
283;486.0476592183771
284;485.99905445245525
285;485.95045454701
286;485.9018595015553
287;485.85326931560513
288;485.80468398867356
289;485.7561035202747
290;485.70752790992265
291;485.6589571571317
292;485.610391261416
293;485.56183022228987
294;485.5132740392676
295;485.4647227118637
296;485.4161762395925
297;485.3676346219686
298;485.3190978585064
299;485.27056594872056
300;485.2220388921257
301;485.1735166882365
302;485.12499933656767
303;485.076486836634
304;485.02797918795034
305;484.97947639003155
306;484.93097844239253
307;484.8824853445483
308;484.83399709601383
309;484.78551369630424
310;484.7370351449346
311;484.6885614414201
312;484.64009258527597
313;484.59162857601746
314;484.5431694131599
315;484.49471509621856
316;484.44626562470893
317;484.39782099814647
318;484.34938121604665
319;484.30094627792505
320;484.25251618329725
321;484.20409093167893
322;484.15567052258575
323;484.1072549555335
324;484.05884423003795
325;484.01043834561494
326;483.9620373017804
327;483.9136410980502
328;483.8652497339404
329;483.816863208967
330;483.7684815226461
331;483.7201046744938
332;483.67173266402637
333;483.62336549075997
334;483.5750031542109
335;483.52664565389546
336;483.4782929893301
337;483.4299451600312
338;483.3816021655152
339;483.33326400529864
340;483.2849306788981
341;483.23660218583024
342;483.1882785256117
343;483.13995969775914
344;483.0916457017894
345;483.0433365372192
346;482.9950322035655
347;482.94673270034514
348;482.8984380270751
349;482.8501481832724
350;482.8018631684541
351;482.75358298213723
352;482.705307623839
353;482.65703709307667
354;482.60877138936735
355;482.5605105122284
356;482.5122544611772
357;482.46400323573107
358;482.4157568354075
359;482.3675152597239
360;482.31927850819795
361;482.27104658034716
362;482.2228194756891
363;482.17459719374153
364;482.1263797340222
365;482.0781670960488
366;482.0299592793392
367;481.9817562834113
368;481.93355810778297
369;481.8853647519722
370;481.837176215497
371;481.7889924978754
372;481.74081359862566
373;481.69263951726583
374;481.6444702533141
375;481.5963058062888
376;481.54814617570815
377;481.49999136109057
378;481.45184136195445
379;481.40369617781823
380;481.35555580820045
381;481.30742025261964
382;481.2592895105944
383;481.21116358164335
384;481.1630424652852
385;481.1149261610386
386;481.0668146684225
387;481.0187079869557
388;480.970606116157
389;480.9225090555454
390;480.87441680463985
391;480.82632936295937
392;480.77824673002306
393;480.73016890535007
394;480.6820958884595
395;480.63402767887067
396;480.5859642761028
397;480.5379056796752
398;480.48985188910723
399;480.4418029039183
400;480.3937587236279
401;480.34571934775556
402;480.2976847758208
403;480.2496550073432
404;480.2016300418425
405;480.1536098788383
406;480.1055945178504
407;480.05758395839865
408;480.0095782000028
409;479.9615772421828
410;479.9135810844586
411;479.86558972635015
412;479.8176031673775
413;479.76962140706075
414;479.72164444492006
415;479.67367228047556
416;479.6257049132475
417;479.57774234275615
418;479.5297845685219
419;479.48183159006504
420;479.43388340690603
421;479.38594001856535
422;479.3380014245635
423;479.29006762442106
424;479.2421386176586
425;479.1942144037969
426;479.1462949823565
427;479.09838035285827
428;479.050470514823
429;479.00256546777155
430;478.9546652112248
431;478.90676974470364
432;478.85887906772916
433;478.8109931798224
434;478.7631120805044
435;478.7152357692964
436;478.66736424571945
437;478.6194975092949
438;478.57163555954395
439;478.523778395988
440;478.4759260181484
441;478.42807842554663
442;478.3802356177041
443;478.3323975941423
444;478.2845643543829
445;478.2367358979475
446;478.1889122243577
447;478.14109333313525
448;478.0932792238019
449;478.04546989587953
450;477.99766534888994
451;477.9498655823551
452;477.90207059579683
453;477.85428038873727
454;477.8064949606984
455;477.7587143112023
456;477.7109384397712
457;477.66316734592726
458;477.6154010291927
459;477.5676394890898
460;477.5198827251409
461;477.4721307368684
462;477.4243835237947
463;477.3766410854423
464;477.3289034213338
465;477.2811705309917
466;477.2334424139386
467;477.1857190696972
468;477.13800049779024
469;477.09028669774045
470;477.0425776690707
471;476.9948734113038
472;476.9471739239627
473;476.8994792065703
474;476.8517892586496
475;476.80410407972374
476;476.7564236693158
477;476.70874802694885
478;476.66107715214616
479;476.61341104443096
480;476.5657497033265
481;476.51809312835616
482;476.47044131904335
483;476.42279427491144
484;476.375151995484
485;476.32751448028444
486;476.2798817288364
487;476.2322537406635
488;476.1846305152894
489;476.1370120522379
490;476.0893983510327
491;476.0417894111976
492;475.9941852322565
493;475.94658581373324
494;475.89899115515186
495;475.85140125603635
496;475.80381611591076
497;475.7562357342992
498;475.70866011072576
499;475.6610892447147
500;475.6135231357902
501;475.56596178347667
502;475.5184051872983
503;475.47085334677956
504;475.4233062614449
505;475.3757639308188
506;475.3282263544257
507;475.28069353179023
508;475.23316546243706
509;475.1856421458908
510;475.13812358167627
511;475.0906097693181
512;475.04310070834117
513;474.9955963982703
514;474.9480968386305
515;474.9006020289466
516;474.8531119687437
517;474.80562665754684
518;474.7581460948811
519;474.71067028027164
520;474.6631992132436
521;474.6157328933223
522;474.5682713200329
523;474.5208144929009
524;474.4733624114516
525;474.42591507521047
526;474.378472483703
527;474.3310346364546
528;474.283601532991
529;474.2361731728377
530;474.1887495555204
531;474.14133068056486
532;474.0939165474968
533;474.04650715584205
534;473.9991025051265
535;473.95170259487594
536;473.90430742461643
537;473.856916993874
538;473.8095313021746
539;473.7621503490444
540;473.71477413400953
541;473.66740265659615
542;473.6200359163305
543;473.5726739127389
544;473.52531664534763
545;473.4779641136831
546;473.4306163172717
547;473.38327325563995
548;473.3359349283144
549;473.2886013348215
550;473.24127247468806
551;473.1939483474406
552;473.14662895260585
553;473.0993142897106
554;473.05200435828164
555;473.00469915784583
556;472.95739868793004
557;472.91010294806125
558;472.8628119377664
559;472.8155256565727
560;472.768244104007
561;472.7209672795966
562;472.67369518286864
563;472.62642781335035
564;472.579165170569
565;472.531907254052
566;472.48465406332656
567;472.43740559792025
568;472.39016185736045
569;472.3429228411747
570;472.2956885488906
571;472.2484589800357
572;472.20123413413774
573;472.1540140107243
574;472.1067986093233
575;472.05958792946234
576;472.0123819706694
577;471.96518073247233
578;471.9179842143991
579;471.8707924159777
580;471.8236053367361
581;471.7764229762024
582;471.72924533390477
583;471.68207240937136
584;471.63490420213043
585;471.58774071171024
586;471.54058193763905
587;471.4934278794453
588;471.44627853665736
589;471.3991339088037
590;471.35199399541284
591;471.3048587960133
592;471.2577283101337
593;471.2106025373027
594;471.16348147704895
595;471.11636512890124
596;471.0692534923883
597;471.0221465670391
598;470.9750443523824
599;470.92794684794717
600;470.8808540532624
601;470.83376596785706
602;470.7866825912603
603;470.73960392300114
604;470.69252996260883
605;470.64546070961256
606;470.5983961635416
607;470.5513363239253
608;470.5042811902929
609;470.4572307621739
610;470.41018503909766
611;470.3631440205937
612;470.31610770619164
613;470.26907609542104
614;470.2220491878115
615;470.1750269828927
616;470.1280094801944
617;470.08099667924637
618;470.0339885795785
619;469.9869851807205
620;469.93998648220247
621;469.8929924835543
622;469.8460031843059
623;469.7990185839875
624;469.7520386821291
625;469.7050634782609
626;469.6580929719131
627;469.6111271626159
628;469.56416604989965
629;469.51720963329467
630;469.47025791233136
631;469.42331088654015
632;469.3763685554515
633;469.32943091859596
634;469.2824979755041
635;469.23556972570657
636;469.188646168734
637;469.1417273041171
638;469.09481313138673
639;469.0479036500736
640;469.0009988597086
641;468.9540987598226
642;468.90720334994666
643;468.86031262961166
644;468.8134265983487
645;468.76654525568887
646;468.7196686011633
647;468.67279663430315
648;468.6259293546397
649;468.57906676170427
650;468.5322088550281
651;468.4853556341426
652;468.4385070985792
653;468.3916632478693
654;468.3448240815445
655;468.2979895991364
656;468.2511598001765
657;468.20433468419645
658;468.157514250728
659;468.11069849930294
660;468.063887429453
661;468.0170810407101
662;467.970279332606
663;467.92348230467275
664;467.8766899564423
665;467.82990228744666
666;467.7831192972179
667;467.7363409852882
668;467.6895673511897
669;467.6427983944546
670;467.5960341146151
671;467.5492745112037
672;467.5025195837526
673;467.4557693317942
674;467.40902375486104
675;467.3622828524856
676;467.31554662420035
677;467.26881506953794
678;467.22208818803097
679;467.1753659792122
680;467.1286484426143
681;467.08193557777
682;467.03522738421225
683;466.9885238614738
684;466.94182500908767
685;466.89513082658675
686;466.8484413135041
687;466.8017564693728
688;466.75507629372584
689;466.7084007860965
690;466.6617299460179
691;466.6150637730233
692;466.568402266646
693;466.52174542641933
694;466.4750932518767
695;466.4284457425515
696;466.38180289797725
697;466.33516471768746
698;466.2885312012157
699;466.24190234809555
700;466.19527815786074
701;466.14865863004496
702;466.102043764182
703;466.0554335598056
704;466.0088280164496
705;465.962227133648
706;465.9156309109347
707;465.86903934784357
708;465.8224524439088
709;465.7758701986644
710;465.72929261164455
711;465.6827196823834
712;465.63615141041515
713;465.5895877952741
714;465.54302883649456
715;465.4964745336109
716;465.4499248861576
717;465.40337989366895
718;465.3568395556796
719;465.31030387172405
720;465.2637728413369
721;465.2172464640528
722;465.17072473940635
723;465.1242076669324
724;465.0776952461657
725;465.0311874766411
726;464.98468435789346
727;464.93818588945766
728;464.8916920708687
729;464.84520290166165
730;464.7987183813715
731;464.75223850953336
732;464.7057632856824
733;464.65929270935385
734;464.6128267800829
735;464.5663654974049
736;464.51990886085514
737;464.4734568699691
738;464.4270095242821
739;464.3805668233297
740;464.3341287666473
741;464.2876953537707
742;464.2412665842353
743;464.1948424575769
744;500.0
