Datum,strompreis_EUR_MWh,grid_co2_kg_MWh,T_outdoor_C,T_ground_C,T_WRG1_C,WRG1_Q_MW,T_WRG2_C,WRG2_Q_MW,T_WRG3_C,WRG3_Q_MW,T_WRG4_C,WRG4_Q_MW,demand_north_MW,demand_south_MW,demand_east_MW,demand_west_MW,waermebedarf_MWth,zone_01_demand_MWth,zone_02_demand_MWth,zone_03_demand_MWth,zone_04_demand_MWth,zone_05_demand_MWth,zone_06_demand_MWth,zone_07_demand_MWth,zone_08_demand_MWth,zone_09_demand_MWth,zone_10_demand_MWth,zone_11_demand_MWth,zone_12_demand_MWth,zone_13_demand_MWth,zone_14_demand_MWth,zone_15_demand_MWth,zone_16_demand_MWth,zone_17_demand_MWth,zone_18_demand_MWth,zone_19_demand_MWth,zone_20_demand_MWth,zone_21_demand_MWth,zone_22_demand_MWth,zone_23_demand_MWth
2023-01-01 00:00:00,60.0,400.0,6.9753,10.0,11.3592,5.0,13.199,3.5,8.5487,4.2,13.1646,3.8,12.2448,13.9616,12.0486,12.5998,50.8548,3.1512,2.583,2.1315,2.1507,2.2284,3.3362,2.8019,2.1225,2.1332,2.0472,1.5206,3.0273,2.396,1.8999,1.9248,1.4186,1.382,2.8363,2.4159,2.3251,1.9924,1.515,1.5151
2023-01-01 01:00:00,60.0,410.3528,6.561,10.0,10.3425,5.0,14.2072,3.5,8.8757,4.2,13.1071,3.8,12.0469,13.6814,11.779,12.2892,49.7965,3.0434,2.6982,2.1099,2.0957,2.0997,3.2714,2.6654,2.1274,2.0814,2.0167,1.5191,2.8691,2.3702,1.8993,1.8538,1.4051,1.3815,2.8069,2.2715,2.3403,1.9191,1.4527,1.4987
2023-01-01 02:00:00,60.0,420.0,4.9386,10.0,10.071,5.0,15.6759,3.5,8.6652,4.2,11.035,3.8,12.5099,13.6695,12.0136,13.1068,51.2998,3.1801,2.7106,2.2284,2.1991,2.1917,3.2284,2.662,2.1744,2.0961,2.0466,1.462,2.969,2.3481,1.8836,1.9486,1.4307,1.4336,2.9281,2.507,2.5474,2.0147,1.5262,1.5834
2023-01-01 03:00:00,60.0,428.2843,5.0699,10.0,10.2184,5.0,13.7226,3.5,8.122,4.2,12.2944,3.8,13.0926,13.9292,12.3132,13.7222,53.0572,3.3604,2.8125,2.3479,2.3316,2.2402,3.3798,2.7268,2.2035,2.0992,2.0296,1.4903,2.9916,2.4172,1.9638,2.0052,1.4668,1.4686,3.1381,2.5896,2.58,2.1044,1.6165,1.6936
2023-01-01 04:00:00,65.0,434.641,4.4851,10.0,11.6958,5.0,13.2056,3.5,9.947,4.2,11.6288,3.8,12.2449,12.862,11.4413,13.2113,49.7595,3.2543,2.6631,2.081,2.1007,2.1458,3.0816,2.5825,2.0097,1.8667,1.9132,1.4083,2.7583,2.2451,1.8415,1.7912,1.3897,1.4155,2.9783,2.5234,2.4861,2.0574,1.5404,1.6257
2023-01-01 05:00:00,72.2354,438.637,4.3484,10.0,12.5323,5.0,15.3374,3.5,8.1881,4.2,17.3545,3.8,12.6196,13.0184,12.0254,13.8916,51.555,3.4003,2.7371,2.2134,2.181,2.0878,3.181,2.5605,2.0342,1.964,1.8662,1.4125,2.7512,2.4336,1.9532,1.9711,1.4547,1.4616,3.1409,2.6839,2.6036,2.1686,1.6088,1.6858
2023-01-01 06:00:00,80.0,440.0,4.1446,10.0,12.4034,5.0,15.3399,3.5,10.3909,4.2,15.7214,3.8,13.967,14.4025,13.6759,15.5952,57.6406,3.7898,3.0226,2.4344,2.4036,2.3166,3.526,2.7988,2.165,2.1736,2.1739,1.5652,3.1534,2.7633,2.1889,2.1964,1.6891,1.6848,3.4666,2.9678,3.0626,2.4322,1.8382,1.8278
2023-01-01 07:00:00,87.7646,438.637,5.3299,10.0,13.5044,5.0,13.8361,3.5,9.7495,4.2,16.3931,3.8,13.9004,14.1937,13.9159,16.081,58.091,3.7515,3.0168,2.4667,2.4129,2.2525,3.3392,2.8012,2.1402,2.102,2.1998,1.6113,3.2217,2.7713,2.2568,2.2155,1.6889,1.7617,3.5937,3.0544,3.1406,2.5254,1.9321,1.8348
2023-01-01 08:00:00,95.0,434.641,4.0831,10.0,11.876,5.0,13.9079,3.5,9.3721,4.2,15.2933,3.8,13.2383,13.7277,13.9961,15.8066,56.7687,3.5715,2.9158,2.3576,2.225,2.1684,3.2388,2.6484,2.0726,2.0543,2.1448,1.5688,3.26,2.7079,2.1417,2.3188,1.7595,1.8082,3.6693,3.0846,2.9944,2.4468,1.8032,1.8083
2023-01-01 09:00:00,101.2132,428.2843,4.6132,10.0,14.7571,5.0,15.3141,3.5,8.0349,4.2,11.5919,3.8,14.0788,14.9468,15.221,17.0594,61.306,3.7227,3.0991,2.5153,2.3568,2.3849,3.4444,2.8278,2.3247,2.3285,2.2765,1.7449,3.4221,2.936,2.4995,2.4956,1.9058,1.962,3.8242,3.3123,3.3087,2.693,1.9284,1.9928
2023-01-01 10:00:00,105.9808,420.0,5.1884,10.0,11.3207,5.0,11.9538,3.5,8.6965,4.2,12.801,3.8,13.3037,14.344,15.0971,16.4776,59.2224,3.5505,2.9133,2.3378,2.3022,2.1999,3.2318,2.8104,2.154,2.2154,2.2438,1.6886,3.4798,2.9518,2.4721,2.4174,1.9006,1.8754,3.8186,3.2431,3.1709,2.5206,1.9139,1.8105
2023-01-01 11:00:00,108.9778,410.3528,5.9458,10.0,17.2903,5.0,12.0351,3.5,11.3608,4.2,14.8287,3.8,13.4194,14.7091,15.6791,16.6965,60.5041,3.6026,3.0349,2.3797,2.2059,2.1963,3.2803,2.8506,2.2841,2.3086,2.2712,1.7143,3.6513,3.0848,2.505,2.6038,1.9433,1.8909,3.9725,3.2116,3.2547,2.6129,1.8416,1.8032
2023-01-01 12:00:00,110.0,400.0,6.6813,10.0,13.1013,5.0,13.4131,3.5,10.8518,4.2,11.4057,3.8,13.6401,15.4139,16.249,17.0549,62.3579,3.5964,3.0183,2.3299,2.3484,2.3471,3.3989,2.9274,2.3113,2.3825,2.492,1.9018,3.7154,3.2244,2.6041,2.6003,2.0558,2.049,4.0077,3.4071,3.332,2.6044,1.8685,1.8352
2023-01-01 13:00:00,108.9778,389.6472,8.371,10.0,10.1357,5.0,14.4231,3.5,7.8949,4.2,15.276,3.8,12.201,13.8091,14.7438,15.094,55.8479,3.28,2.6893,2.0752,2.097,2.0595,3.0162,2.5373,2.0867,2.2068,2.2396,1.7225,3.523,2.873,2.3372,2.3404,1.8309,1.8393,3.5593,2.9674,2.843,2.3337,1.7078,1.6828
2023-01-01 14:00:00,105.9808,380.0,9.2103,10.0,9.7082,5.0,15.4718,3.5,10.0487,4.2,13.3693,3.8,11.9522,14.2806,14.8573,14.5957,55.6858,3.207,2.6482,1.987,2.0776,2.0324,3.2004,2.6858,2.1977,2.237,2.2128,1.7469,3.4208,3.0204,2.4378,2.3639,1.8307,1.7837,3.4957,2.9488,2.7991,2.1642,1.604,1.5839
2023-01-01 15:00:00,101.2132,371.7157,8.8359,10.0,12.8149,5.0,17.8007,3.5,11.3528,4.2,13.1004,3.8,12.4843,15.0805,15.5294,15.1085,58.2027,3.3128,2.7553,2.1034,2.1624,2.1504,3.3969,2.8061,2.3492,2.285,2.4531,1.7902,3.7977,3.0744,2.4497,2.4933,1.8892,1.8251,3.6542,2.9716,2.8874,2.2863,1.6459,1.6631
2023-01-01 16:00:00,95.0,365.359,9.1819,10.0,11.4031,5.0,16.5653,3.5,6.5112,4.2,15.2719,3.8,11.8132,14.4101,14.7997,14.0944,55.1174,2.9544,2.608,2.0428,2.0869,2.1211,3.2273,2.6958,2.1657,2.2912,2.2891,1.741,3.6242,3.0138,2.3544,2.3416,1.7466,1.7191,3.3522,2.7066,2.6952,2.1801,1.58,1.5803
2023-01-01 17:00:00,87.7646,361.363,10.1335,10.0,13.278,5.0,14.5301,3.5,10.9367,4.2,14.7385,3.8,12.133,15.1733,15.1634,14.3531,56.8228,3.164,2.5921,2.1277,2.0846,2.1646,3.3465,2.8763,2.3596,2.3775,2.4102,1.8032,3.6788,3.138,2.4821,2.3704,1.7416,1.7525,3.4561,2.7675,2.7919,2.1841,1.6069,1.5466
2023-01-01 18:00:00,80.0,360.0,9.7239,10.0,12.7965,5.0,14.812,3.5,8.5248,4.2,13.1281,3.8,11.1575,13.9684,13.6009,12.744,51.4708,2.8136,2.34,1.9279,1.9934,2.0826,3.0465,2.6472,2.1846,2.1635,2.2493,1.6773,3.3079,2.8054,2.14,2.1997,1.6215,1.5264,3.0447,2.4453,2.5208,1.9334,1.3929,1.4069
2023-01-01 19:00:00,72.2354,361.363,10.2142,10.0,11.7043,5.0,12.8449,3.5,10.9912,4.2,16.1687,3.8,10.9638,13.5847,12.8263,11.9216,49.2964,2.7895,2.3003,1.9152,1.9394,2.0194,3.0227,2.6184,2.1193,2.1091,2.1335,1.5817,3.2041,2.6015,2.0914,2.0359,1.4721,1.4213,2.78,2.3301,2.3148,1.8058,1.3589,1.332
2023-01-01 20:00:00,65.0,365.359,9.6995,10.0,10.1564,5.0,14.813,3.5,8.3235,4.2,11.6879,3.8,11.7562,14.5471,13.5503,12.8694,52.723,2.9178,2.5109,2.05,2.1021,2.1754,3.2487,2.765,2.2957,2.3107,2.2302,1.6968,3.3847,2.7592,2.1403,2.1225,1.6035,1.5401,3.044,2.5249,2.4862,1.9327,1.4178,1.4638
2023-01-01 21:00:00,60.0,371.7157,8.3634,10.0,8.8203,5.0,14.2727,3.5,6.2402,4.2,15.0819,3.8,11.5445,13.7045,12.3738,11.8688,49.4916,2.9016,2.483,2.0413,2.0203,2.0983,3.1604,2.6718,2.105,2.1063,2.1218,1.5392,3.0874,2.5768,1.9868,1.9152,1.4325,1.3751,2.7958,2.2182,2.2636,1.8355,1.3406,1.4151
2023-01-01 22:00:00,60.0,380.0,9.2738,10.0,10.957,5.0,15.4954,3.5,6.5949,4.2,15.0362,3.8,11.5541,14.0023,12.2939,12.2194,50.0697,2.8827,2.5056,1.9981,2.0773,2.0904,3.193,2.7433,2.1506,2.1856,2.1743,1.5555,3.0235,2.4572,1.9847,1.9983,1.4125,1.4177,2.8303,2.3292,2.3496,1.9188,1.3909,1.4006
2023-01-01 23:00:00,60.0,389.6472,8.6744,10.0,13.5628,5.0,13.1955,3.5,9.9462,4.2,13.2309,3.8,11.1089,13.1124,11.4507,11.5589,47.2309,2.7726,2.3576,1.9851,2.0047,1.9889,3.085,2.5833,1.99,2.0204,2.008,1.4257,2.9115,2.3955,1.78,1.7358,1.3054,1.3225,2.6808,2.1587,2.2215,1.7289,1.373,1.396
2023-01-02 00:00:00,60.0,400.0,6.6936,10.0,12.2782,5.0,15.8887,3.5,10.3694,4.2,14.5023,3.8,12.94,14.8336,12.8648,13.3622,54.0006,3.2109,2.8373,2.3161,2.3109,2.2648,3.5686,2.9296,2.2661,2.2447,2.1973,1.6273,3.1526,2.6527,2.0787,1.9546,1.5324,1.4938,3.0297,2.5248,2.5148,2.0865,1.6194,1.587
2023-01-02 01:00:00,60.0,410.3528,6.0297,10.0,9.3585,5.0,17.9155,3.5,8.0414,4.2,11.3478,3.8,13.6019,15.0268,12.9431,13.8519,55.4237,3.5132,2.9301,2.365,2.3753,2.4183,3.5216,3.0043,2.3682,2.2286,2.2878,1.6163,3.2067,2.6446,2.0517,1.9826,1.561,1.4965,3.0224,2.65,2.6204,2.2119,1.6768,1.6704
2023-01-02 02:00:00,60.0,420.0,5.6429,10.0,12.1964,5.0,14.6325,3.5,11.1272,4.2,15.6981,3.8,12.7899,14.0188,12.1164,13.2604,52.1855,3.2143,2.8591,2.1956,2.279,2.2419,3.3834,2.7712,2.1731,2.1102,2.1026,1.4783,2.9217,2.4686,1.9048,1.929,1.4381,1.4542,2.9267,2.5322,2.5189,2.1065,1.5732,1.6029
2023-01-02 03:00:00,60.0,428.2843,5.0459,10.0,12.6206,5.0,15.6534,3.5,6.527,4.2,13.4802,3.8,13.6777,14.6656,12.7163,14.5628,55.6224,3.514,2.9628,2.3654,2.413,2.4225,3.4694,2.8455,2.2659,2.2494,2.2359,1.5995,3.0987,2.5218,2.0184,2.0246,1.5247,1.5281,3.216,2.6914,2.8689,2.2871,1.7639,1.7355
2023-01-02 04:00:00,65.0,434.641,4.7312,10.0,10.0823,5.0,16.2303,3.5,9.7178,4.2,12.8046,3.8,13.3123,13.7466,12.2745,14.2033,53.5367,3.5297,2.8874,2.3515,2.2937,2.25,3.3114,2.663,2.0668,2.1356,2.0352,1.5346,2.953,2.394,1.9875,1.9272,1.4734,1.5394,3.0917,2.7445,2.662,2.2561,1.7049,1.7441
2023-01-02 05:00:00,72.2354,438.637,5.1073,10.0,12.1575,5.0,14.0476,3.5,7.428,4.2,15.948,3.8,13.8495,14.4939,13.0239,15.1036,56.4709,3.6125,3.0518,2.4115,2.3788,2.3949,3.5489,2.7795,2.2183,2.1732,2.1553,1.6187,3.0676,2.5576,2.121,2.0787,1.588,1.611,3.2799,2.8708,2.953,2.3613,1.7879,1.8507
2023-01-02 06:00:00,80.0,440.0,3.9115,10.0,11.9664,5.0,15.2982,3.5,8.5463,4.2,12.4413,3.8,14.2635,14.5987,13.7923,15.8924,58.5469,3.8032,3.1006,2.4811,2.4727,2.4059,3.4988,2.8599,2.281,2.1729,2.1632,1.6229,3.3005,2.7533,2.1235,2.1737,1.6789,1.7624,3.563,2.9799,3.003,2.5133,1.9013,1.9319
2023-01-02 07:00:00,87.7646,438.637,3.7031,10.0,9.5641,5.0,14.8752,3.5,9.9448,4.2,11.0331,3.8,16.2373,16.8081,16.6311,19.0275,68.704,4.401,3.6196,2.7791,2.7163,2.7213,3.9668,3.2241,2.5089,2.6206,2.5831,1.9046,3.9252,3.3192,2.6447,2.6311,1.9888,2.1221,4.2584,3.6475,3.7498,2.9033,2.234,2.2345
2023-01-02 08:00:00,95.0,434.641,3.7123,10.0,12.5656,5.0,15.0454,3.5,8.1292,4.2,10.7367,3.8,15.1494,15.925,15.8314,18.1457,65.0515,4.1132,3.2927,2.6213,2.5627,2.5595,3.8069,3.0167,2.4396,2.3599,2.461,1.8409,3.6626,3.0842,2.4952,2.5517,2.0318,2.0059,4.1081,3.5616,3.5269,2.8125,2.0895,2.0471
2023-01-02 09:00:00,101.2132,428.2843,4.5132,10.0,12.9716,5.0,13.304,3.5,9.0809,4.2,15.062,3.8,14.5846,15.3627,15.581,17.7639,63.2922,3.9061,3.2659,2.5381,2.5043,2.3702,3.5717,3.0104,2.3175,2.355,2.2806,1.8275,3.6306,3.0154,2.4536,2.568,1.9655,1.9479,4.1544,3.4765,3.4027,2.6644,2.0644,2.0015
2023-01-02 10:00:00,105.9808,420.0,5.4834,10.0,14.0161,5.0,14.899,3.5,11.8626,4.2,11.2891,3.8,16.3991,17.3998,18.3234,20.055,72.1773,4.4519,3.5874,2.7675,2.8074,2.7849,3.9344,3.3205,2.6246,2.7315,2.6903,2.0985,4.2744,3.5111,2.9601,2.9553,2.3232,2.2993,4.7208,3.8323,3.8285,3.0903,2.343,2.2401
2023-01-02 11:00:00,108.9778,410.3528,7.1208,10.0,13.9576,5.0,15.846,3.5,8.6962,4.2,17.3596,3.8,14.2997,15.6539,16.7652,18.0544,64.7732,3.8035,3.1756,2.4588,2.4476,2.4142,3.5733,2.9478,2.3496,2.4553,2.4748,1.8531,3.9145,3.1904,2.7156,2.7573,2.109,2.0784,4.2379,3.5565,3.5632,2.7419,1.9698,1.9851
2023-01-02 12:00:00,110.0,400.0,6.7412,10.0,9.0947,5.0,17.7523,3.5,11.5214,4.2,9.6861,3.8,15.6238,17.354,18.7594,19.5173,71.2545,4.1814,3.4731,2.7314,2.622,2.6159,3.8999,3.3221,2.6329,2.7167,2.6844,2.098,4.4161,3.6203,3.0092,3.0441,2.3301,2.3396,4.6747,3.7678,3.7099,2.9884,2.204,2.1725
2023-01-02 13:00:00,108.9778,389.6472,7.8884,10.0,9.9743,5.0,16.7685,3.5,7.5906,4.2,17.2429,3.8,13.3102,15.4395,16.4389,16.5875,61.7761,3.4584,2.8353,2.3202,2.3446,2.3517,3.4872,2.8783,2.2891,2.4144,2.5016,1.8689,3.8717,3.3233,2.5685,2.7053,1.9817,1.9884,3.8996,3.283,3.2376,2.5745,1.8215,1.7713
2023-01-02 14:00:00,105.9808,380.0,8.4918,10.0,12.8801,5.0,19.1564,3.5,10.9096,4.2,14.272,3.8,13.6525,15.9865,16.9207,16.7857,63.3454,3.6783,2.9762,2.3035,2.4009,2.2936,3.5496,2.9646,2.4185,2.434,2.6106,2.0092,4.0391,3.3153,2.7221,2.7199,2.0657,2.0586,4.0217,3.2656,3.3162,2.4998,1.8548,1.8276
2023-01-02 15:00:00,101.2132,371.7157,9.7155,10.0,12.8776,5.0,13.3153,3.5,12.7331,4.2,13.6566,3.8,14.4515,17.644,18.1482,17.744,67.9877,3.7202,3.1412,2.5074,2.5854,2.4973,3.9708,3.3057,2.6385,2.7449,2.8219,2.1622,4.2173,3.664,2.9273,2.9916,2.1549,2.1931,4.2727,3.442,3.4271,2.6803,1.976,1.9459
2023-01-02 16:00:00,95.0,365.359,10.8615,10.0,12.8801,5.0,16.5946,3.5,4.9067,4.2,12.7602,3.8,14.6441,17.6346,18.0914,17.4732,67.8433,3.7795,3.1776,2.5173,2.5866,2.5831,3.8659,3.3183,2.736,2.8181,2.7656,2.1307,4.4157,3.5821,2.8573,2.9061,2.2084,2.1218,4.2573,3.4585,3.2689,2.6522,1.9119,1.9244
2023-01-02 17:00:00,87.7646,361.363,9.6323,10.0,19.5555,5.0,15.2167,3.5,8.2562,4.2,14.6483,3.8,13.5626,17.2526,16.7829,15.9543,63.5524,3.5418,2.8844,2.2961,2.4598,2.3805,3.8366,3.2457,2.6297,2.717,2.7549,2.0687,4.059,3.4622,2.6366,2.6867,1.9752,1.9632,3.8452,3.1191,3.0997,2.453,1.7195,1.7178
2023-01-02 18:00:00,80.0,360.0,9.7553,10.0,12.9918,5.0,19.2296,3.5,11.0041,4.2,13.7747,3.8,12.9788,16.1269,15.7361,14.88,59.7218,3.2015,2.8475,2.2646,2.3578,2.3074,3.5049,3.1205,2.5548,2.5059,2.5481,1.8927,3.9587,3.1665,2.5331,2.4385,1.8791,1.7602,3.511,2.9034,2.8633,2.2869,1.643,1.6724
2023-01-02 19:00:00,72.2354,361.363,10.4199,10.0,14.1211,5.0,13.2334,3.5,9.4439,4.2,16.0566,3.8,12.358,15.6318,14.7235,13.7615,56.4748,3.0911,2.6585,2.1239,2.2232,2.2613,3.5752,2.8784,2.385,2.421,2.5037,1.8685,3.5639,3.038,2.3756,2.3909,1.694,1.6611,3.2098,2.6126,2.6964,2.0835,1.5784,1.5808
2023-01-02 20:00:00,65.0,365.359,9.939,10.0,13.758,5.0,13.1706,3.5,10.5923,4.2,14.0785,3.8,11.4529,14.1621,13.0421,12.1901,50.8472,2.924,2.393,2.0504,2.028,2.0575,3.2275,2.655,2.2338,2.1782,2.1803,1.6873,3.2411,2.6331,2.1599,2.0059,1.5499,1.4522,2.8459,2.3539,2.3188,1.9078,1.376,1.3877
2023-01-02 21:00:00,60.0,371.7157,10.0447,10.0,13.1528,5.0,13.6512,3.5,8.642,4.2,14.1506,3.8,12.1036,14.9295,13.3687,12.84,53.2418,3.1224,2.5678,2.1113,2.1379,2.1642,3.4308,2.8564,2.3271,2.2943,2.3219,1.699,3.2714,2.7387,2.2023,2.0408,1.5683,1.5472,2.9826,2.4505,2.5214,1.9065,1.4827,1.4963
2023-01-02 22:00:00,60.0,380.0,8.792,10.0,11.2195,5.0,10.6022,3.5,10.0232,4.2,13.1228,3.8,12.5758,14.9232,13.3826,13.1542,54.0358,3.2029,2.6958,2.2571,2.1917,2.2283,3.484,2.8341,2.2965,2.3321,2.2987,1.6778,3.4243,2.7218,2.1206,2.0953,1.4928,1.5278,3.0538,2.5016,2.526,2.0313,1.4954,1.5461
2023-01-02 23:00:00,60.0,389.6472,7.5968,10.0,13.3679,5.0,13.7985,3.5,9.5386,4.2,13.7361,3.8,13.566,15.9409,13.987,13.9914,57.4853,3.4054,2.919,2.3969,2.4303,2.4144,3.7149,3.1405,2.4614,2.4071,2.479,1.738,3.562,2.7778,2.1745,2.2207,1.6477,1.6043,3.2003,2.6676,2.6492,2.1201,1.6436,1.7106
2023-01-03 00:00:00,60.0,400.0,7.2953,10.0,10.3043,5.0,13.3317,3.5,12.1856,4.2,14.4656,3.8,13.7182,15.239,13.4783,13.9526,56.3881,3.4742,2.9707,2.3946,2.4559,2.4228,3.5892,3.0165,2.3419,2.3682,2.2686,1.6546,3.3845,2.6817,2.1568,2.0983,1.5803,1.5767,3.1845,2.6479,2.6487,2.1606,1.592,1.7189
2023-01-03 01:00:00,60.0,410.3528,6.7779,10.0,11.3764,5.0,15.1508,3.5,10.3588,4.2,10.4297,3.8,12.3563,13.633,11.8312,12.6469,50.4674,3.2194,2.6406,2.1278,2.2064,2.1621,3.2361,2.6213,2.1722,2.0979,2.0355,1.47,2.9656,2.3325,1.9224,1.8372,1.3894,1.3841,2.795,2.4138,2.4645,1.9865,1.4786,1.5085
2023-01-03 02:00:00,60.0,420.0,5.9102,10.0,10.8793,5.0,15.5335,3.5,10.5252,4.2,11.1536,3.8,13.7112,14.8425,12.9628,14.0262,55.5427,3.4714,3.0061,2.4297,2.3803,2.4237,3.568,2.9256,2.2769,2.2949,2.1604,1.6167,3.1408,2.641,2.0637,2.0769,1.4969,1.5435,3.1687,2.5878,2.6922,2.1897,1.6711,1.7167
2023-01-03 03:00:00,60.0,428.2843,5.1323,10.0,12.0137,5.0,18.6023,3.5,9.0262,4.2,15.3365,3.8,13.208,14.2851,12.4933,13.9459,53.9323,3.4349,2.8321,2.3663,2.2842,2.2905,3.4523,2.7947,2.2341,2.1835,2.0426,1.5779,2.9465,2.4228,2.0441,2.038,1.5114,1.5305,3.1407,2.6231,2.6321,2.1403,1.6676,1.7421
2023-01-03 04:00:00,65.0,434.641,4.9353,10.0,16.4793,5.0,16.7508,3.5,8.8748,4.2,14.1917,3.8,13.2631,13.6473,12.2929,14.1399,53.3432,3.469,2.9317,2.3492,2.2233,2.2899,3.2617,2.7182,2.1199,2.0582,2.0065,1.4828,2.9295,2.4005,1.9652,1.9281,1.5028,1.5668,3.0894,2.692,2.7645,2.2545,1.6634,1.6761
2023-01-03 05:00:00,72.2354,438.637,4.6869,10.0,8.1155,5.0,13.6962,3.5,8.9849,4.2,13.482,3.8,14.4407,15.1118,13.896,15.6828,59.1313,3.7645,3.1994,2.5609,2.5131,2.4028,3.6579,2.9346,2.3343,2.2896,2.2083,1.6871,3.2776,2.7446,2.2086,2.2699,1.7057,1.6896,3.4373,2.9949,3.0306,2.4622,1.8474,1.9104
2023-01-03 06:00:00,80.0,440.0,4.6911,10.0,13.2225,5.0,13.0532,3.5,10.6389,4.2,13.8869,3.8,15.1572,15.8597,15.0851,17.0369,63.1389,4.0341,3.3612,2.5944,2.6668,2.5007,3.8476,3.1374,2.4247,2.3682,2.3329,1.7489,3.5518,2.9981,2.3595,2.4542,1.8593,1.8622,3.8417,3.2047,3.244,2.6362,2.0839,2.0264
2023-01-03 07:00:00,87.7646,438.637,4.4266,10.0,8.6246,5.0,15.8338,3.5,9.008,4.2,14.5452,3.8,15.628,15.9655,15.6828,18.2749,65.5512,4.259,3.4634,2.6721,2.6303,2.6032,3.821,3.1367,2.4098,2.4133,2.383,1.8017,3.6089,3.0949,2.5474,2.5756,1.9049,1.9511,4.1212,3.4156,3.5479,2.8511,2.1742,2.1649
2023-01-03 08:00:00,95.0,434.641,4.3184,10.0,10.9061,5.0,12.2095,3.5,10.4295,4.2,12.7705,3.8,14.5474,15.1311,15.3814,17.2002,62.2601,3.8948,3.2377,2.4739,2.4511,2.4899,3.6019,2.8941,2.3164,2.3517,2.2568,1.7102,3.5536,3.0137,2.4371,2.5134,1.9155,1.9481,3.928,3.3394,3.3263,2.6605,1.9908,1.9552
2023-01-03 09:00:00,101.2132,428.2843,4.952,10.0,14.0279,5.0,18.5129,3.5,14.0008,4.2,12.2934,3.8,15.1113,15.9698,16.1666,18.4971,65.7448,4.0427,3.4472,2.6276,2.5299,2.4639,3.6166,3.1262,2.366,2.47,2.4938,1.8972,3.6546,3.1672,2.6576,2.6145,2.0311,2.0416,4.2987,3.6012,3.6209,2.789,2.1083,2.079
2023-01-03 10:00:00,105.9808,420.0,6.1033,10.0,11.9786,5.0,17.2089,3.5,11.5922,4.2,14.2417,3.8,15.796,16.9443,17.7974,19.6006,70.1383,4.3241,3.4356,2.723,2.6409,2.6724,3.8821,3.229,2.5428,2.6403,2.6126,2.0375,4.0365,3.5591,2.9145,2.885,2.1796,2.2227,4.5222,3.8744,3.8361,3.0445,2.1727,2.1507
2023-01-03 11:00:00,108.9778,410.3528,5.8151,10.0,9.6945,5.0,13.9116,3.5,9.198,4.2,11.8933,3.8,16.4368,17.9282,18.8821,20.1545,73.4016,4.445,3.6764,2.8262,2.6972,2.792,4.1583,3.3358,2.7668,2.7104,2.8662,2.0907,4.3511,3.8182,2.9883,3.0831,2.3313,2.3101,4.6458,3.9641,3.8777,3.1985,2.2793,2.1891
2023-01-03 12:00:00,110.0,400.0,7.1843,10.0,10.4194,5.0,11.4237,3.5,12.2524,4.2,14.6665,3.8,15.0512,16.7099,17.6477,18.4062,67.815,4.1024,3.3319,2.5886,2.5775,2.4508,3.7067,3.2149,2.5774,2.5268,2.6701,2.014,4.0082,3.4267,2.8209,2.9561,2.2024,2.2334,4.4118,3.5666,3.5599,2.804,2.0312,2.0327
2023-01-03 13:00:00,108.9778,389.6472,7.5798,10.0,13.2092,5.0,17.5577,3.5,9.0338,4.2,10.4448,3.8,14.9366,16.9209,18.1257,18.6866,68.6698,4.0396,3.2379,2.4979,2.6085,2.5527,3.7024,3.2223,2.5731,2.6078,2.7127,2.1026,4.1993,3.6004,2.9628,2.8953,2.2915,2.1764,4.4373,3.6513,3.693,2.8278,2.056,2.0212
2023-01-03 14:00:00,105.9808,380.0,8.5144,10.0,10.3893,5.0,14.6209,3.5,5.7738,4.2,15.9083,3.8,13.8152,16.3665,17.1105,17.1637,64.4559,3.6734,3.0862,2.3365,2.2948,2.4243,3.5705,3.0971,2.5088,2.5846,2.6351,1.9704,3.9469,3.435,2.8163,2.7303,2.1158,2.0662,4.1389,3.3834,3.3544,2.5125,1.9252,1.8493
2023-01-03 15:00:00,101.2132,371.7157,9.7605,10.0,12.2829,5.0,17.3256,3.5,7.8338,4.2,14.7952,3.8,13.1608,16.1992,16.7707,16.5509,62.6816,3.4495,2.8027,2.26,2.2456,2.403,3.5641,3.1161,2.4779,2.4889,2.6171,1.9351,3.9655,3.4177,2.7598,2.6777,1.9725,1.9775,4.0109,3.2533,3.2145,2.441,1.8588,1.7724
2023-01-03 16:00:00,95.0,365.359,9.6936,10.0,11.9411,5.0,11.6611,3.5,6.1084,4.2,14.3621,3.8,14.657,17.6994,18.1679,17.3792,67.9035,3.7545,3.2072,2.5092,2.5799,2.6062,3.8246,3.3639,2.786,2.7985,2.8138,2.1126,4.4115,3.6224,2.9448,2.8988,2.1824,2.108,4.0609,3.4799,3.3009,2.6906,1.894,1.9529
2023-01-03 17:00:00,87.7646,361.363,9.921,10.0,10.5468,5.0,13.6512,3.5,9.147,4.2,15.8154,3.8,14.4812,17.9808,17.7721,16.9776,67.2117,3.8069,3.0077,2.5205,2.5138,2.6323,4.0019,3.4628,2.697,2.8233,2.8934,2.1024,4.2352,3.6715,2.8545,2.8263,2.1096,2.075,4.082,3.3831,3.1987,2.5745,1.8808,1.8585
2023-01-03 18:00:00,80.0,360.0,9.3201,10.0,16.1379,5.0,14.8605,3.5,9.8868,4.2,17.1809,3.8,12.9596,16.1338,15.8905,14.816,59.7999,3.2888,2.8117,2.2249,2.2479,2.3863,3.6064,3.049,2.5105,2.5056,2.5324,1.9299,3.9782,3.1701,2.5995,2.5004,1.801,1.8413,3.5183,2.9507,2.8161,2.1688,1.6749,1.6872
2023-01-03 19:00:00,72.2354,361.363,10.2709,10.0,13.1178,5.0,14.944,3.5,13.2029,4.2,15.8787,3.8,13.2351,16.7691,15.4668,14.6638,60.1348,3.3223,2.8143,2.2532,2.3713,2.474,3.7795,3.1829,2.6162,2.6021,2.6393,1.9491,3.7939,3.1426,2.4672,2.515,1.7651,1.783,3.4514,2.9007,2.8133,2.2379,1.6157,1.6448
2023-01-03 20:00:00,65.0,365.359,9.9208,10.0,7.7997,5.0,13.9499,3.5,10.5039,4.2,10.1683,3.8,12.8069,15.5104,14.457,13.3762,56.1505,3.2672,2.7245,2.1992,2.2804,2.3356,3.4182,3.0446,2.4177,2.4061,2.4381,1.7857,3.6423,2.9753,2.3186,2.2098,1.6997,1.6113,3.2583,2.5323,2.5183,2.0108,1.5134,1.5431
2023-01-03 21:00:00,60.0,371.7157,10.2029,10.0,12.2229,5.0,16.0957,3.5,9.4118,4.2,11.2908,3.8,12.4211,14.7761,13.4253,12.9191,53.5416,3.1179,2.5941,2.1978,2.2378,2.2735,3.3484,2.8838,2.3104,2.2574,2.2692,1.7069,3.3586,2.6946,2.2095,2.0622,1.5618,1.5386,3.0092,2.5207,2.4661,2.0112,1.4446,1.4673
2023-01-03 22:00:00,60.0,380.0,8.3461,10.0,10.5264,5.0,12.7148,3.5,11.5088,4.2,12.6004,3.8,13.1647,15.6434,13.7584,13.5044,56.0709,3.3162,2.8131,2.3086,2.3684,2.3584,3.6232,3.0148,2.4314,2.3751,2.4412,1.7577,3.5168,2.8516,2.1806,2.1039,1.5458,1.5597,3.0962,2.5222,2.5952,2.0541,1.6031,1.6336
2023-01-03 23:00:00,60.0,389.6472,7.886,10.0,13.5549,5.0,14.5652,3.5,5.4277,4.2,13.9022,3.8,14.1092,16.121,14.222,14.3665,58.8187,3.6103,3.0923,2.4013,2.4746,2.5307,3.7696,3.171,2.4977,2.4708,2.414,1.7979,3.5414,2.9279,2.2413,2.2849,1.613,1.6135,3.2652,2.6793,2.781,2.2174,1.6949,1.7287
2023-01-04 00:00:00,60.0,400.0,7.1247,10.0,10.265,5.0,15.0906,3.5,10.3212,4.2,14.8853,3.8,13.2756,15.0141,13.1913,13.5343,55.0153,3.3279,2.7811,2.3835,2.3531,2.43,3.5013,2.9282,2.2807,2.3066,2.3168,1.6805,3.2529,2.6641,2.1313,2.0438,1.5609,1.5383,3.0887,2.5284,2.5686,2.1144,1.5816,1.6526
2023-01-04 01:00:00,60.0,410.3528,7.0123,10.0,11.6205,5.0,15.8789,3.5,11.3917,4.2,12.3985,3.8,14.3885,16.0342,13.9109,14.6435,58.9771,3.5884,3.1167,2.5602,2.5094,2.6138,3.8405,3.0723,2.5443,2.4185,2.426,1.7326,3.5181,2.844,2.1611,2.1809,1.6264,1.5804,3.2052,2.742,2.8162,2.2975,1.777,1.8056
2023-01-04 02:00:00,60.0,420.0,5.4524,10.0,12.86,5.0,16.2732,3.5,6.8928,4.2,14.2235,3.8,11.9652,12.9339,11.4415,12.4063,48.7469,3.0433,2.609,2.0498,2.15,2.1131,3.065,2.5244,2.0412,1.9664,1.9447,1.3922,2.8195,2.2477,1.8134,1.8394,1.3465,1.375,2.7728,2.3454,2.2972,1.9315,1.5231,1.5363
2023-01-04 03:00:00,60.0,428.2843,5.0182,10.0,13.5815,5.0,12.6007,3.5,12.1375,4.2,12.3392,3.8,14.1588,14.997,13.1625,14.9454,57.2637,3.7187,3.0878,2.495,2.4676,2.3897,3.6298,2.9712,2.3599,2.2153,2.24,1.5808,3.2971,2.5737,2.0347,2.0768,1.5522,1.628,3.2547,2.8308,2.9169,2.3765,1.803,1.7635
2023-01-04 04:00:00,65.0,434.641,4.7059,10.0,9.4494,5.0,11.7818,3.5,10.527,4.2,12.627,3.8,13.4943,14.1746,12.882,14.5731,55.124,3.4979,2.9332,2.3545,2.379,2.3297,3.3926,2.7467,2.2473,2.1249,2.0842,1.5789,3.1115,2.5652,2.0599,2.0629,1.5251,1.5574,3.2416,2.7053,2.8891,2.2667,1.7282,1.7422
2023-01-04 05:00:00,72.2354,438.637,4.1955,10.0,11.181,5.0,17.4054,3.5,9.0194,4.2,11.0367,3.8,13.9515,14.3074,13.3223,15.1775,56.7587,3.7089,3.0158,2.3968,2.4447,2.3853,3.4016,2.7474,2.2251,2.1412,2.1871,1.605,3.2186,2.6574,2.07,2.0957,1.6425,1.6381,3.3683,2.8368,2.9325,2.3483,1.8185,1.8731
2023-01-04 06:00:00,80.0,440.0,3.7768,10.0,10.9001,5.0,15.5146,3.5,11.1156,4.2,12.0035,3.8,14.5766,14.9987,14.1764,16.6009,60.3526,3.9377,3.1542,2.5594,2.5123,2.413,3.6336,2.9386,2.3197,2.1967,2.2216,1.6885,3.2432,2.8416,2.1898,2.3071,1.8064,1.7883,3.7698,3.1931,3.1743,2.5323,1.9979,1.9335
2023-01-04 07:00:00,87.7646,438.637,4.1993,10.0,10.5433,5.0,13.353,3.5,14.3914,4.2,11.1466,3.8,13.4627,13.9103,13.6965,15.574,56.6435,3.6278,3.0293,2.2736,2.293,2.239,3.3244,2.7517,2.1621,2.0368,2.1183,1.517,3.2032,2.7135,2.1254,2.1818,1.7167,1.7559,3.5739,3.0203,2.9134,2.4259,1.7783,1.8622
2023-01-04 08:00:00,95.0,434.641,4.9387,10.0,15.3809,5.0,17.9523,3.5,10.2137,4.2,11.8983,3.8,15.2025,15.5071,15.6675,17.9303,64.3074,4.0196,3.4292,2.6223,2.559,2.5724,3.763,3.0098,2.3353,2.3066,2.313,1.7794,3.5542,2.9982,2.5325,2.5954,1.9627,2.0245,3.9841,3.4966,3.5338,2.8251,2.078,2.0127
2023-01-04 09:00:00,101.2132,428.2843,4.3654,10.0,12.66,5.0,15.0813,3.5,10.3464,4.2,15.9573,3.8,15.6104,16.5184,16.7933,19.0845,68.0066,4.3063,3.4198,2.6693,2.6406,2.5744,3.7974,3.1184,2.5618,2.5926,2.4997,1.9485,3.785,3.3509,2.7451,2.7011,2.0753,2.1359,4.3549,3.681,3.7742,2.9819,2.1717,2.1208
2023-01-04 10:00:00,105.9808,420.0,5.5665,10.0,9.3282,5.0,17.2086,3.5,8.9313,4.2,11.9512,3.8,16.7831,17.9349,18.8617,20.4852,74.0649,4.6623,3.6662,2.926,2.7966,2.732,4.0489,3.4814,2.7568,2.7375,2.7925,2.1178,4.3377,3.7215,2.9625,3.0296,2.3811,2.4293,4.6895,4.004,4.054,3.1084,2.3675,2.2618
2023-01-04 11:00:00,108.9778,410.3528,5.8735,10.0,13.6857,5.0,14.985,3.5,8.1503,4.2,19.1148,3.8,14.9416,16.2408,17.4166,18.8745,67.4735,4.0641,3.3054,2.6014,2.4876,2.4831,3.7427,3.0328,2.4534,2.5423,2.5032,1.9664,4.0908,3.4106,2.7947,2.8356,2.1079,2.177,4.4549,3.6896,3.5978,2.9119,2.1407,2.0796
2023-01-04 12:00:00,110.0,400.0,7.5975,10.0,16.0943,5.0,18.9715,3.5,11.5107,4.2,14.8366,3.8,14.5144,16.3401,17.7025,18.418,66.975,3.8102,3.1684,2.4446,2.5601,2.5311,3.5826,3.1735,2.4211,2.5212,2.6286,2.0131,4.1646,3.4739,2.7927,2.9242,2.1398,2.2073,4.4175,3.5505,3.5701,2.8076,2.0509,2.0214
2023-01-04 13:00:00,108.9778,389.6472,7.0149,10.0,13.9149,5.0,18.3607,3.5,8.1378,4.2,14.2197,3.8,14.5293,16.5801,17.9449,18.353,67.4073,3.8575,3.1225,2.5217,2.5,2.5276,3.6853,3.0598,2.4907,2.5855,2.703,2.0558,4.1939,3.6175,2.8412,2.885,2.1646,2.2427,4.4051,3.5048,3.5896,2.7544,2.0643,2.0348
2023-01-04 14:00:00,105.9808,380.0,8.2205,10.0,8.8113,5.0,14.3521,3.5,9.9931,4.2,12.1333,3.8,15.1067,18.1521,19.3001,19.0544,71.6133,3.9582,3.293,2.5937,2.5763,2.6855,4.0972,3.3249,2.8328,2.8344,2.8682,2.1946,4.639,3.746,3.1045,3.0815,2.3774,2.3517,4.5435,3.7868,3.7316,2.8622,2.0973,2.033
2023-01-04 15:00:00,101.2132,371.7157,9.3099,10.0,10.8815,5.0,16.7931,3.5,8.8947,4.2,15.2506,3.8,14.4972,17.8307,18.3993,17.8537,68.5809,3.8511,3.0919,2.4805,2.4513,2.6224,3.9753,3.3815,2.7151,2.742,2.811,2.2058,4.4671,3.7037,2.9958,2.9172,2.1864,2.1291,4.2468,3.5492,3.4184,2.7371,1.9439,1.9583
2023-01-04 16:00:00,95.0,365.359,10.3808,10.0,14.3838,5.0,16.1408,3.5,10.808,4.2,12.6987,3.8,13.7164,16.518,16.8003,16.247,63.2817,3.5646,2.9833,2.342,2.4265,2.4,3.5723,3.0628,2.4992,2.6201,2.7101,2.0535,3.9768,3.4508,2.6784,2.6742,2.0295,1.9906,3.9687,3.1097,3.1499,2.4628,1.7951,1.7608
2023-01-04 17:00:00,87.7646,361.363,9.8649,10.0,10.4347,5.0,17.5873,3.5,10.5173,4.2,14.094,3.8,13.9355,17.2428,17.1609,16.0584,64.3976,3.6327,2.9341,2.4664,2.357,2.5453,3.9032,3.1597,2.7185,2.6877,2.6917,2.082,4.0933,3.5473,2.7661,2.771,2.0015,1.9817,3.8406,3.1119,3.0947,2.428,1.7487,1.8345
2023-01-04 18:00:00,80.0,360.0,9.7224,10.0,12.7376,5.0,12.9202,3.5,11.9251,4.2,18.9702,3.8,13.2062,16.3063,15.8133,15.028,60.3538,3.3322,2.87,2.3399,2.3042,2.3599,3.6508,3.0449,2.4717,2.5267,2.6515,1.9607,3.8863,3.1729,2.5367,2.5055,1.8934,1.8185,3.5922,2.937,2.8061,2.2933,1.72,1.6794
2023-01-04 19:00:00,72.2354,361.363,10.8384,10.0,13.3993,5.0,16.2221,3.5,8.83,4.2,13.6579,3.8,13.2456,16.4886,15.8785,14.5446,60.1573,3.354,2.7776,2.3548,2.3138,2.4454,3.695,3.2148,2.5565,2.5985,2.5292,1.8946,3.9447,3.2717,2.5396,2.5072,1.804,1.8113,3.4162,2.8787,2.711,2.219,1.6442,1.6755
2023-01-04 20:00:00,65.0,365.359,8.8741,10.0,9.9961,5.0,16.9668,3.5,9.3103,4.2,16.1485,3.8,11.9719,14.6805,13.7397,12.7812,53.1733,3.048,2.5786,2.0892,2.136,2.1201,3.3472,2.7464,2.2882,2.2692,2.3601,1.6694,3.4566,2.8168,2.2296,2.1977,1.5365,1.5025,2.9572,2.4336,2.4627,1.9997,1.4512,1.4768
2023-01-04 21:00:00,60.0,371.7157,8.0219,10.0,11.7309,5.0,11.3325,3.5,7.8925,4.2,12.4436,3.8,12.4328,15.2402,13.4602,13.1264,54.2596,3.0986,2.6425,2.1816,2.2834,2.2267,3.4828,2.9613,2.3581,2.3863,2.3623,1.6894,3.3844,2.7971,2.1272,2.074,1.5375,1.54,3.0205,2.5487,2.5031,2.0453,1.4726,1.5362
2023-01-04 22:00:00,60.0,380.0,8.72,10.0,5.3675,5.0,12.4835,3.5,8.9614,4.2,13.78,3.8,12.5968,14.9552,13.5054,12.9085,53.9659,3.088,2.6591,2.2589,2.3042,2.2866,3.3859,2.8445,2.3881,2.3741,2.3079,1.6547,3.4224,2.6955,2.1932,2.0996,1.561,1.5337,2.9752,2.4166,2.4358,1.9755,1.5604,1.545
2023-01-04 23:00:00,60.0,389.6472,7.5254,10.0,9.8012,5.0,10.7715,3.5,10.6046,4.2,17.3916,3.8,12.3187,14.3011,12.4825,12.5565,51.6588,3.1566,2.5988,2.1721,2.1306,2.2606,3.3637,2.7719,2.2663,2.1318,2.1481,1.6193,3.0818,2.5782,2.0425,1.9358,1.464,1.3802,2.7925,2.4423,2.3844,1.9171,1.5182,1.502
2023-01-05 00:00:00,60.0,400.0,6.4894,10.0,11.3449,5.0,14.3112,3.5,11.364,4.2,12.5961,3.8,13.5349,15.314,13.0604,13.5569,55.4662,3.4527,2.9297,2.3045,2.4039,2.4441,3.6541,2.9272,2.3291,2.3705,2.3186,1.7145,3.2712,2.6324,2.0509,2.0582,1.5321,1.5156,3.0087,2.5368,2.6155,2.1443,1.6269,1.6247
2023-01-05 01:00:00,60.0,410.3528,6.5777,10.0,9.3544,5.0,16.2851,3.5,8.0057,4.2,17.4749,3.8,13.4833,15.1418,12.9699,13.751,55.346,3.4461,2.8756,2.3964,2.3766,2.3886,3.5502,2.9472,2.2846,2.3525,2.3065,1.7008,3.2499,2.589,2.0659,2.0108,1.5165,1.5378,3.0131,2.6073,2.6516,2.174,1.6257,1.6793
2023-01-05 02:00:00,60.0,420.0,5.6219,10.0,15.1148,5.0,17.8547,3.5,11.5892,4.2,15.2655,3.8,13.4401,14.7495,12.9018,14.1138,55.2052,3.4394,2.9643,2.3844,2.3362,2.3158,3.4812,2.9674,2.2522,2.2443,2.2207,1.5837,3.1061,2.6259,2.0835,2.0878,1.4845,1.514,3.1923,2.5827,2.6558,2.2578,1.7295,1.6957
2023-01-05 03:00:00,60.0,428.2843,4.5966,10.0,8.9897,5.0,14.9982,3.5,12.5613,4.2,12.7251,3.8,13.4368,14.3007,12.7439,14.2009,54.6823,3.5307,2.9307,2.3605,2.3089,2.306,3.4985,2.7967,2.1557,2.1671,2.1247,1.558,3.0923,2.5264,2.0625,1.9999,1.5349,1.5279,3.0807,2.6863,2.7653,2.2564,1.6875,1.7247
2023-01-05 04:00:00,65.0,434.641,3.7618,10.0,10.9699,5.0,18.1072,3.5,10.6769,4.2,15.1148,3.8,12.7539,13.2784,12.0581,13.6348,51.7252,3.3517,2.739,2.2356,2.2238,2.2038,3.1174,2.6861,2.0409,1.9875,1.9613,1.4852,2.8945,2.3753,1.9318,1.8916,1.4865,1.4784,3.0359,2.4996,2.6611,2.157,1.6168,1.6644
2023-01-05 05:00:00,72.2354,438.637,4.5385,10.0,12.1115,5.0,12.0898,3.5,13.6036,4.2,15.7951,3.8,13.8146,14.2155,13.1947,15.0155,56.2403,3.5533,3.1105,2.4271,2.3582,2.3655,3.5218,2.7833,2.122,2.1123,2.1109,1.5652,3.1239,2.6031,2.0787,2.0973,1.6387,1.653,3.3603,2.8351,2.8385,2.3213,1.7954,1.8649
2023-01-05 06:00:00,80.0,440.0,4.3251,10.0,14.7325,5.0,11.4432,3.5,8.3024,4.2,15.0936,3.8,14.2045,14.5971,13.9759,15.992,58.7695,3.7294,3.2281,2.437,2.4191,2.3909,3.4568,2.8666,2.2467,2.2037,2.2136,1.6097,3.2155,2.7871,2.158,2.2995,1.7375,1.7783,3.5246,3.1427,3.0643,2.474,1.8694,1.917
2023-01-05 07:00:00,87.7646,438.637,4.0526,10.0,8.9783,5.0,14.7389,3.5,7.3607,4.2,10.7096,3.8,14.3398,14.5833,14.3595,16.5552,59.8378,3.9451,3.1162,2.4755,2.3947,2.4083,3.4905,2.7779,2.2679,2.1802,2.2224,1.6444,3.3773,2.7579,2.3228,2.3771,1.7405,1.7839,3.8083,3.1041,3.1709,2.577,1.9175,1.9774
2023-01-05 08:00:00,95.0,434.641,5.3252,10.0,14.1763,5.0,15.6181,3.5,6.2926,4.2,12.3957,3.8,15.2117,15.7523,15.4863,17.8379,64.2882,4.0888,3.3724,2.639,2.5852,2.5263,3.6583,3.0924,2.4084,2.4224,2.4044,1.7664,3.6484,2.9881,2.4474,2.4996,1.9385,1.9643,4.1169,3.441,3.4525,2.7276,2.0694,2.0305
2023-01-05 09:00:00,101.2132,428.2843,4.3436,10.0,11.8705,5.0,14.7846,3.5,12.8421,4.2,13.355,3.8,15.9914,16.3564,16.9689,19.0985,68.4152,4.3089,3.5332,2.7592,2.7586,2.6315,3.8635,3.1068,2.496,2.5164,2.4652,1.9085,3.7942,3.2531,2.7722,2.8564,2.1284,2.1646,4.4349,3.6725,3.7725,2.9541,2.149,2.1155
2023-01-05 10:00:00,105.9808,420.0,4.7372,10.0,9.887,5.0,10.7151,3.5,11.1587,4.2,13.7011,3.8,17.0987,18.323,19.3767,21.2286,76.027,4.7189,3.7433,2.9262,2.914,2.7963,4.218,3.5541,2.8445,2.8201,2.7723,2.114,4.4948,3.8368,3.0524,3.1988,2.3341,2.4598,4.916,4.2127,4.003,3.3115,2.4433,2.3421
2023-01-05 11:00:00,108.9778,410.3528,5.8776,10.0,12.7742,5.0,14.6718,3.5,9.7388,4.2,15.0913,3.8,15.745,17.2674,18.0119,19.265,70.2893,4.3437,3.428,2.6693,2.7013,2.6027,4.0148,3.2952,2.5584,2.6841,2.6888,2.0261,4.2323,3.5871,2.8497,2.8972,2.2124,2.2332,4.4466,3.7609,3.7197,2.9834,2.1743,2.1801
2023-01-05 12:00:00,110.0,400.0,6.9772,10.0,12.2481,5.0,12.2411,3.5,10.4099,4.2,14.2054,3.8,15.5778,17.6632,18.6283,19.4285,71.2978,4.116,3.3543,2.7361,2.7222,2.6492,3.8182,3.3824,2.7042,2.7692,2.8346,2.1546,4.2128,3.7427,2.942,3.0629,2.3335,2.3344,4.6407,3.8015,3.7757,2.9199,2.1659,2.1248
2023-01-05 13:00:00,108.9778,389.6472,7.8981,10.0,10.6496,5.0,16.1893,3.5,7.599,4.2,11.1793,3.8,14.9595,17.3258,18.4147,18.6042,69.3042,4.0255,3.3467,2.5109,2.5604,2.516,3.9558,3.2125,2.7075,2.6551,2.659,2.1359,4.3491,3.6889,2.9475,3.0102,2.2292,2.1898,4.4678,3.6144,3.6004,2.7889,2.0539,2.0788
2023-01-05 14:00:00,105.9808,380.0,8.3794,10.0,11.9896,5.0,15.5832,3.5,14.7415,4.2,14.6104,3.8,13.0509,15.3774,16.3926,16.1798,61.0007,3.4285,2.8615,2.2685,2.2518,2.2406,3.4708,2.8203,2.3087,2.4603,2.466,1.8513,3.9337,3.2482,2.5594,2.7122,1.949,1.9901,3.8127,3.2217,3.0709,2.5178,1.7759,1.7808
2023-01-05 15:00:00,101.2132,371.7157,9.2973,10.0,11.0794,5.0,12.9702,3.5,10.1084,4.2,15.0712,3.8,14.1741,17.196,17.8092,17.4702,66.6495,3.678,3.0626,2.5296,2.4209,2.483,3.7602,3.2737,2.5998,2.7258,2.7903,2.0462,4.2689,3.5241,2.8481,2.919,2.0952,2.1539,4.2711,3.5278,3.3422,2.569,1.8787,1.8814
2023-01-05 16:00:00,95.0,365.359,8.9723,10.0,12.077,5.0,13.8223,3.5,10.0688,4.2,14.9696,3.8,13.8702,17.1921,17.3671,16.6649,65.0943,3.6636,2.922,2.3796,2.4923,2.4127,3.8392,3.2628,2.57,2.7599,2.6767,2.0835,4.0871,3.549,2.8051,2.8327,2.0905,2.0027,3.99,3.3089,3.2721,2.4435,1.8,1.8504
2023-01-05 17:00:00,87.7646,361.363,10.6197,10.0,13.1743,5.0,12.7316,3.5,11.3015,4.2,16.0116,3.8,15.17,18.7959,18.9193,17.7701,70.6553,3.9208,3.2351,2.7114,2.6408,2.6619,4.115,3.4652,2.9118,2.974,3.0198,2.3101,4.6216,3.8838,3.0577,2.9647,2.2169,2.1746,4.3192,3.4268,3.3036,2.7359,2.0305,1.9541
2023-01-05 18:00:00,80.0,360.0,9.9589,10.0,15.022,5.0,14.7246,3.5,10.812,4.2,15.5178,3.8,12.9363,16.2978,15.7624,14.5225,59.519,3.2079,2.768,2.2605,2.2935,2.4064,3.689,3.1281,2.4341,2.5759,2.5611,1.9096,3.8871,3.236,2.5892,2.5251,1.7788,1.7462,3.4565,2.7798,2.7306,2.2557,1.6461,1.6538
2023-01-05 19:00:00,72.2354,361.363,10.4564,10.0,9.3744,5.0,16.7603,3.5,10.2978,4.2,14.7684,3.8,12.8367,15.9523,15.1851,14.2382,58.2123,3.254,2.7362,2.2701,2.2312,2.3452,3.6092,3.0052,2.4462,2.5012,2.4724,1.9181,3.7596,3.0752,2.4575,2.4407,1.7773,1.6748,3.4102,2.795,2.7748,2.0889,1.564,1.6053
2023-01-05 20:00:00,65.0,365.359,9.7694,10.0,16.1161,5.0,12.8785,3.5,8.2691,4.2,13.7097,3.8,12.4108,15.2245,14.0681,13.3077,55.0111,3.1013,2.6581,2.1317,2.2364,2.2833,3.3666,2.9471,2.3826,2.3257,2.4308,1.7717,3.5589,2.9128,2.2152,2.1633,1.6513,1.5666,3.1957,2.6053,2.458,2.0613,1.4972,1.4902
2023-01-05 21:00:00,60.0,371.7157,9.3497,10.0,7.9458,5.0,15.8581,3.5,10.7929,4.2,10.5281,3.8,11.9295,14.422,13.0535,12.5795,51.9845,3.042,2.5666,2.036,2.1279,2.157,3.313,2.8025,2.2308,2.2183,2.1885,1.6689,3.3175,2.6379,2.1013,1.9978,1.5427,1.4563,2.9104,2.3871,2.3411,1.9751,1.4869,1.4789
2023-01-05 22:00:00,60.0,380.0,8.7849,10.0,11.5464,5.0,13.7895,3.5,13.614,4.2,14.7092,3.8,13.6159,16.0832,14.3506,13.9009,57.9506,3.4888,2.9399,2.3571,2.3893,2.4408,3.7667,3.0808,2.44,2.4696,2.4634,1.8627,3.5095,2.972,2.3518,2.2997,1.6008,1.6168,3.1624,2.7215,2.6374,2.1593,1.5852,1.6351
2023-01-05 23:00:00,60.0,389.6472,8.0003,10.0,13.0266,5.0,13.2643,3.5,12.5408,4.2,14.2654,3.8,13.5467,15.8358,13.6876,13.9211,56.9912,3.429,2.8744,2.3883,2.4047,2.4503,3.6794,3.1173,2.4044,2.4774,2.424,1.7333,3.3458,2.7951,2.1643,2.1378,1.6287,1.6159,3.2326,2.5367,2.67,2.1912,1.6601,1.6305
2023-01-06 00:00:00,60.0,400.0,7.3214,10.0,12.412,5.0,14.6359,3.5,13.0364,4.2,14.3932,3.8,13.7388,15.7661,13.5252,13.971,57.0011,3.4986,2.9225,2.4113,2.3808,2.5256,3.7349,2.9941,2.4857,2.4485,2.3544,1.7485,3.3553,2.8392,2.1073,2.0748,1.5429,1.6057,3.0637,2.6581,2.6712,2.2478,1.6454,1.6848
2023-01-06 01:00:00,60.0,410.3528,6.8881,10.0,10.6046,5.0,12.7795,3.5,8.8276,4.2,11.2965,3.8,12.9354,14.1733,12.3469,13.0711,52.5267,3.2575,2.8364,2.2834,2.3036,2.2545,3.3597,2.7427,2.1794,2.2135,2.1447,1.5333,3.0017,2.4997,1.9605,1.9553,1.4998,1.4299,2.9012,2.4434,2.4646,2.0184,1.598,1.6455
2023-01-06 02:00:00,60.0,420.0,5.5983,10.0,11.4338,5.0,13.7427,3.5,7.8708,4.2,11.6879,3.8,14.3363,15.5969,13.5231,14.882,58.3383,3.7527,3.05,2.5698,2.5031,2.4607,3.6904,3.0518,2.4206,2.3949,2.2853,1.7539,3.2394,2.7205,2.1586,2.1887,1.5908,1.6251,3.3649,2.736,2.7714,2.3824,1.8408,1.7865
2023-01-06 03:00:00,60.0,428.2843,5.2332,10.0,10.864,5.0,12.4542,3.5,9.5984,4.2,15.9563,3.8,12.8036,13.4508,11.9219,13.3308,51.5071,3.3652,2.7552,2.2406,2.2348,2.2078,3.2075,2.7115,2.0287,1.9891,2.0491,1.4649,2.824,2.4457,1.9366,1.8766,1.3909,1.4481,2.8926,2.5239,2.6174,2.0859,1.5618,1.6492
2023-01-06 04:00:00,65.0,434.641,4.3571,10.0,10.6713,5.0,18.7795,3.5,9.9614,4.2,13.7709,3.8,13.786,14.4027,12.9454,15.1446,56.2787,3.5841,3.0008,2.3891,2.3811,2.4309,3.4126,2.8845,2.2078,2.1665,2.1392,1.5921,3.0478,2.5616,2.0311,2.0539,1.63,1.621,3.3297,2.8643,2.9243,2.4118,1.8174,1.7971
2023-01-06 05:00:00,72.2354,438.637,4.8223,10.0,13.5492,5.0,14.9205,3.5,12.0384,4.2,15.213,3.8,15.5873,15.9404,15.0672,17.1837,63.7786,4.1195,3.4114,2.7716,2.6738,2.611,3.7904,3.1162,2.4238,2.478,2.4202,1.7118,3.6152,2.9255,2.3921,2.4567,1.8702,1.8075,3.8235,3.1808,3.3502,2.7403,1.9827,2.1062
2023-01-06 06:00:00,80.0,440.0,3.6618,10.0,12.564,5.0,13.4505,3.5,6.4651,4.2,13.9066,3.8,13.8896,14.3222,13.4566,15.6634,57.3318,3.6277,3.1056,2.4464,2.3452,2.3647,3.4739,2.7196,2.1886,2.1815,2.1408,1.6178,3.0537,2.6765,2.2008,2.1846,1.6715,1.6695,3.5776,3.0217,3.0058,2.4109,1.8417,1.8057
2023-01-06 07:00:00,87.7646,438.637,5.0027,10.0,10.4642,5.0,15.278,3.5,12.9091,4.2,13.9095,3.8,14.3937,14.8882,14.6515,16.845,60.7784,3.8369,3.1537,2.5249,2.3986,2.4796,3.4848,2.832,2.312,2.3134,2.2876,1.6584,3.2713,2.8627,2.3766,2.4025,1.8486,1.8898,3.8765,3.1779,3.3238,2.601,1.9244,1.9414
2023-01-06 08:00:00,95.0,434.641,4.3818,10.0,13.6492,5.0,14.6253,3.5,9.534,4.2,15.7266,3.8,15.3829,16.0434,15.7871,18.4922,65.7056,4.0547,3.3258,2.7315,2.6502,2.6207,3.781,3.0046,2.4976,2.4378,2.4734,1.849,3.6081,3.1293,2.4885,2.5646,2.011,1.9856,4.1836,3.5756,3.6054,2.806,2.1706,2.151
2023-01-06 09:00:00,101.2132,428.2843,4.1633,10.0,12.4646,5.0,14.4081,3.5,8.9962,4.2,12.8179,3.8,15.0332,15.8484,16.228,17.9244,65.034,3.9559,3.342,2.667,2.6182,2.4501,3.6918,3.1101,2.3463,2.439,2.3731,1.8881,3.6452,3.2399,2.5225,2.6763,2.0397,2.1044,4.1615,3.4629,3.4719,2.7433,2.064,2.0208
2023-01-06 10:00:00,105.9808,420.0,5.5641,10.0,13.4757,5.0,16.0783,3.5,7.8258,4.2,14.0422,3.8,14.1951,15.0965,15.8329,17.3584,62.4829,3.722,3.1061,2.4831,2.4691,2.4148,3.4882,2.864,2.3138,2.2593,2.3424,1.8288,3.6805,3.14,2.4877,2.5266,2.0165,1.9816,4.0047,3.4686,3.2974,2.6329,1.9735,1.9813
2023-01-06 11:00:00,108.9778,410.3528,5.883,10.0,13.1093,5.0,16.365,3.5,6.5403,4.2,12.9254,3.8,15.5803,16.9157,17.8896,19.1444,69.53,4.2039,3.5016,2.6105,2.6478,2.6165,3.8621,3.1193,2.6615,2.5597,2.7234,1.9897,4.0536,3.476,2.8367,2.9735,2.2641,2.2857,4.4719,3.7239,3.6884,2.8835,2.1925,2.1842
2023-01-06 12:00:00,110.0,400.0,7.4203,10.0,10.192,5.0,13.789,3.5,11.4963,4.2,12.981,3.8,14.2265,15.878,17.1926,17.9511,65.2482,3.7779,3.1234,2.4648,2.4108,2.4496,3.6539,2.9805,2.3833,2.4453,2.5134,1.9016,4.0694,3.3545,2.7466,2.8002,2.1403,2.0816,4.2645,3.4589,3.5558,2.7187,2.0087,1.9445
2023-01-06 13:00:00,108.9778,389.6472,7.4501,10.0,10.7296,5.0,13.6984,3.5,9.9966,4.2,13.2317,3.8,15.2781,17.8137,19.1151,19.3684,71.5753,4.1082,3.3112,2.6197,2.5627,2.6763,4.0105,3.2523,2.6882,2.775,2.9086,2.1791,4.4393,3.8281,3.1017,3.0623,2.3218,2.3619,4.5924,3.8701,3.7232,2.8535,2.1999,2.1293
2023-01-06 14:00:00,105.9808,380.0,8.2769,10.0,13.3446,5.0,14.2999,3.5,7.2701,4.2,14.2943,3.8,14.0857,16.5573,17.4103,17.3769,65.4302,3.6834,3.1051,2.4482,2.4238,2.4252,3.558,3.1366,2.4658,2.6469,2.7017,2.0483,4.0104,3.4496,2.8752,2.8016,2.1651,2.1084,4.2178,3.3483,3.4115,2.6737,1.8637,1.8619
2023-01-06 15:00:00,101.2132,371.7157,8.1765,10.0,13.0707,5.0,10.2462,3.5,7.2598,4.2,12.8925,3.8,15.4644,18.7837,19.6911,18.8424,72.7816,4.0374,3.3199,2.6407,2.6833,2.7831,4.2144,3.5426,2.877,2.9225,2.9832,2.244,4.6706,3.9682,3.2213,3.2166,2.3505,2.2639,4.5046,3.7367,3.6167,2.8419,2.0835,2.059
2023-01-06 16:00:00,95.0,365.359,9.3719,10.0,11.8082,5.0,11.8196,3.5,9.1784,4.2,16.3615,3.8,13.1574,16.315,16.761,15.9335,62.1669,3.4704,2.7776,2.2662,2.2693,2.3739,3.6475,2.9817,2.5667,2.5361,2.5697,2.0133,4.1066,3.4345,2.6154,2.7186,1.9594,1.9265,3.8273,3.1609,2.9817,2.4498,1.7223,1.7915
2023-01-06 17:00:00,87.7646,361.363,8.6858,10.0,12.0847,5.0,17.5837,3.5,13.188,4.2,12.0608,3.8,13.2564,16.4765,16.34,15.5321,61.605,3.3843,2.9008,2.2604,2.3165,2.3944,3.5664,3.0432,2.5774,2.6125,2.654,2.023,4.0565,3.3232,2.5909,2.585,1.9307,1.8537,3.7869,3.0941,2.8742,2.2801,1.756,1.7408
2023-01-06 18:00:00,80.0,360.0,9.208,10.0,14.4053,5.0,18.1399,3.5,9.3308,4.2,13.4763,3.8,13.5854,16.8934,16.4413,15.5112,62.4313,3.4015,2.9005,2.4239,2.4364,2.4231,3.8396,3.2066,2.6331,2.5963,2.6105,2.0073,4.0645,3.2907,2.7081,2.6259,1.9065,1.8456,3.7741,3.0538,2.9869,2.2947,1.7162,1.6855
2023-01-06 19:00:00,72.2354,361.363,10.278,10.0,10.6669,5.0,14.3519,3.5,6.8437,4.2,12.9705,3.8,12.1255,14.7484,14.1232,13.2074,54.2045,3.0332,2.6279,2.1265,2.1435,2.1944,3.2814,2.8099,2.2322,2.3557,2.3672,1.702,3.5614,2.895,2.276,2.1575,1.6074,1.6259,3.0877,2.6319,2.5416,1.9857,1.4794,1.4811
2023-01-06 20:00:00,65.0,365.359,9.991,10.0,12.9442,5.0,16.0031,3.5,9.3585,4.2,16.744,3.8,12.5093,15.3907,14.1725,13.5128,55.5853,3.0981,2.6662,2.2062,2.2741,2.2647,3.4034,2.9495,2.4058,2.4441,2.3826,1.8053,3.5666,2.8771,2.2338,2.1807,1.6918,1.6225,3.2289,2.5514,2.601,2.0973,1.5177,1.5165
2023-01-06 21:00:00,60.0,371.7157,9.334,10.0,11.4456,5.0,15.4725,3.5,9.3046,4.2,14.2431,3.8,13.599,16.3872,14.5594,14.1643,58.7099,3.4147,2.9281,2.3798,2.4294,2.447,3.7405,3.1555,2.5454,2.5379,2.5737,1.8342,3.648,2.9794,2.2848,2.3281,1.6955,1.6236,3.3097,2.6427,2.6865,2.1894,1.6688,1.6672
2023-01-06 22:00:00,60.0,380.0,8.0165,10.0,11.4146,5.0,21.0078,3.5,4.85,4.2,15.9137,3.8,12.0298,14.077,12.5303,12.3235,50.9606,2.9996,2.6065,2.1285,2.1732,2.122,3.2048,2.6927,2.1722,2.2294,2.2025,1.5754,3.1842,2.5471,1.9631,1.9532,1.4725,1.4102,2.8794,2.3196,2.3138,1.8709,1.4742,1.4656
2023-01-06 23:00:00,60.0,389.6472,7.7526,10.0,14.0476,5.0,17.0891,3.5,9.7414,4.2,10.8789,3.8,13.346,15.3694,13.3554,13.5359,55.6067,3.4039,2.8493,2.3715,2.2925,2.4288,3.589,3.0554,2.3693,2.3354,2.2695,1.7508,3.2885,2.6905,2.1338,2.1141,1.5948,1.5337,3.0252,2.5923,2.6237,2.0885,1.6091,1.5971
2023-01-07 00:00:00,60.0,400.0,6.9982,10.0,13.5008,5.0,14.5942,3.5,9.3881,4.2,14.3841,3.8,12.1234,13.937,11.991,12.3792,50.4306,3.1211,2.5559,2.1115,2.196,2.1389,3.3212,2.7148,2.1848,2.0729,2.0991,1.5442,2.9806,2.516,1.9046,1.8327,1.374,1.3831,2.7054,2.3196,2.4288,1.8993,1.499,1.5271
2023-01-07 01:00:00,60.0,410.3528,5.6444,10.0,13.477,5.0,12.9389,3.5,11.2424,4.2,15.6293,3.8,12.5102,13.9677,12.258,12.9209,51.6568,3.1734,2.7572,2.1889,2.1778,2.2129,3.3444,2.6965,2.2082,2.105,2.061,1.5526,3.0157,2.4248,1.9768,1.969,1.409,1.4627,2.8467,2.3777,2.5383,2.068,1.5365,1.5537
2023-01-07 02:00:00,60.0,420.0,6.2517,10.0,14.461,5.0,11.6371,3.5,13.5479,4.2,14.0146,3.8,11.6909,12.6609,11.0851,12.0701,47.507,3.0536,2.4905,2.0759,2.0632,2.0077,3.0181,2.5211,1.912,1.9681,1.8559,1.3857,2.6344,2.2941,1.7774,1.7671,1.2725,1.3396,2.6671,2.2568,2.3276,1.8947,1.4244,1.4995
2023-01-07 03:00:00,60.0,428.2843,5.3174,10.0,11.892,5.0,15.2569,3.5,12.1031,4.2,15.981,3.8,11.702,12.3816,10.7857,12.1683,47.0376,3.0619,2.5237,2.0642,2.0573,1.9949,3.009,2.3978,1.9577,1.834,1.8636,1.3195,2.5946,2.1358,1.7094,1.7109,1.2979,1.3371,2.666,2.3396,2.3324,1.8779,1.4762,1.4762
2023-01-07 04:00:00,65.0,434.641,4.2914,10.0,13.2139,5.0,13.3373,3.5,9.3122,4.2,12.8154,3.8,12.6478,13.1654,11.7544,13.2925,50.8601,3.3796,2.7304,2.1371,2.2004,2.2003,3.232,2.6151,1.9839,1.9333,1.946,1.4551,2.7625,2.312,1.8476,1.9533,1.4193,1.4597,2.9123,2.4931,2.5277,2.0945,1.6447,1.6202
2023-01-07 05:00:00,72.2354,438.637,4.1157,10.0,11.2295,5.0,12.0055,3.5,7.6369,4.2,16.6687,3.8,12.8808,13.3023,12.2337,14.2386,52.6554,3.4524,2.767,2.2786,2.1594,2.2234,3.2343,2.5603,2.0271,1.9968,1.9869,1.4969,2.8274,2.4707,1.9097,1.9614,1.5496,1.5149,3.1189,2.7295,2.7752,2.2382,1.7141,1.6627
2023-01-07 06:00:00,80.0,440.0,4.1042,10.0,12.4983,5.0,13.5569,3.5,14.9967,4.2,18.4478,3.8,13.2011,13.5981,12.9503,14.7114,54.4609,3.567,2.8444,2.3613,2.2198,2.2086,3.276,2.7064,2.1067,2.0067,2.008,1.4943,2.9238,2.56,2.0929,2.1453,1.5579,1.6704,3.2533,2.816,2.8048,2.3021,1.746,1.7892
2023-01-07 07:00:00,87.7646,438.637,3.0814,10.0,11.5897,5.0,12.6869,3.5,9.9684,4.2,13.1243,3.8,13.7781,13.9718,13.6297,15.8004,57.18,3.6902,3.0519,2.3751,2.327,2.3339,3.3646,2.6918,2.142,2.14,2.0433,1.5901,3.1148,2.6439,2.1962,2.2002,1.7331,1.7415,3.6415,2.9262,3.0666,2.407,1.8817,1.8774
2023-01-07 08:00:00,95.0,434.641,4.2783,10.0,12.044,5.0,18.2243,3.5,9.8779,4.2,12.959,3.8,13.2045,13.4497,13.7353,15.4596,55.8491,3.6286,2.841,2.2832,2.2008,2.2509,3.1247,2.5873,2.1002,2.0536,2.0298,1.5541,3.2139,2.6625,2.2279,2.2204,1.6688,1.7418,3.576,2.9269,3.0047,2.431,1.7628,1.7582
2023-01-07 09:00:00,101.2132,428.2843,4.5377,10.0,13.0403,5.0,16.6133,3.5,9.8017,4.2,16.7568,3.8,13.8823,14.5655,15.0284,16.8726,60.3488,3.7853,3.096,2.3789,2.3566,2.2655,3.4397,2.8808,2.2037,2.1572,2.1941,1.69,3.4588,2.9504,2.3902,2.4694,1.896,1.8636,3.9193,3.197,3.2298,2.6492,1.9871,1.8902
2023-01-07 10:00:00,105.9808,420.0,4.9992,10.0,10.2136,5.0,14.8341,3.5,10.2462,4.2,17.0091,3.8,13.8497,14.9842,15.6412,17.4274,61.9025,3.7885,3.1236,2.3483,2.3169,2.2724,3.4918,2.8896,2.218,2.3049,2.268,1.8119,3.5742,3.0557,2.5465,2.5885,1.9076,1.9687,4.0869,3.4014,3.3492,2.6873,1.9557,1.9469
2023-01-07 11:00:00,108.9778,410.3528,6.083,10.0,16.0348,5.0,17.8099,3.5,9.5613,4.2,12.8043,3.8,13.1671,14.6141,15.3572,16.5634,59.7018,3.6621,2.8411,2.2776,2.2422,2.1441,3.3808,2.7964,2.1975,2.2254,2.3201,1.6939,3.5488,3.0492,2.4032,2.4841,1.9121,1.9598,3.8535,3.1848,3.2685,2.5754,1.8847,1.7965
2023-01-07 12:00:00,110.0,400.0,7.8988,10.0,9.838,5.0,15.0047,3.5,8.7027,4.2,13.0096,3.8,14.9665,16.8512,17.8373,18.8588,68.5138,4.1036,3.3532,2.5522,2.4659,2.4916,3.8017,3.193,2.5083,2.6144,2.691,2.0428,4.2292,3.5339,2.8073,2.9168,2.1672,2.1829,4.4398,3.7381,3.6278,2.9066,2.0836,2.0629
2023-01-07 13:00:00,108.9778,389.6472,8.0969,10.0,9.4216,5.0,13.1274,3.5,8.7563,4.2,13.2864,3.8,13.4991,15.8404,16.6708,17.0255,63.0358,3.5987,2.9057,2.3282,2.3286,2.3379,3.5448,2.9376,2.4374,2.4983,2.4669,1.9554,3.9818,3.3232,2.6212,2.6653,2.0676,2.0117,4.1218,3.284,3.2549,2.5482,1.9373,1.8793
2023-01-07 14:00:00,105.9808,380.0,8.2144,10.0,14.1662,5.0,17.8962,3.5,9.7845,4.2,11.1611,3.8,12.1589,14.6554,15.4112,15.2551,57.4806,3.1959,2.7049,2.047,2.1499,2.0612,3.2824,2.7548,2.2631,2.294,2.319,1.7421,3.6617,3.0975,2.4317,2.4948,1.8964,1.8291,3.7338,3.0673,2.8968,2.3011,1.6331,1.623
2023-01-07 15:00:00,101.2132,371.7157,9.4076,10.0,13.4333,5.0,15.9278,3.5,8.7632,4.2,12.0127,3.8,13.3651,16.0285,16.4745,15.9823,61.8504,3.4652,2.8927,2.3219,2.3251,2.3602,3.5473,3.0017,2.4684,2.4912,2.5518,1.9681,4.0348,3.2714,2.6126,2.6854,1.9469,1.9234,3.8615,3.132,3.0754,2.4259,1.7346,1.7529
2023-01-07 16:00:00,95.0,365.359,10.2978,10.0,13.0982,5.0,12.7755,3.5,8.4243,4.2,11.8417,3.8,11.6577,14.4864,14.7384,13.9588,54.8413,3.0105,2.5144,2.0695,2.0161,2.0472,3.1643,2.649,2.2843,2.2892,2.3376,1.762,3.5764,2.9597,2.4231,2.3473,1.7312,1.7007,3.3135,2.7745,2.6997,2.1308,1.5248,1.5155
2023-01-07 17:00:00,87.7646,361.363,10.3601,10.0,13.1067,5.0,14.4693,3.5,10.0629,4.2,12.3144,3.8,12.3865,15.6785,15.6334,14.6636,58.362,3.1484,2.6537,2.1477,2.1602,2.2765,3.4401,3.0112,2.4343,2.501,2.402,1.8899,3.7528,3.2066,2.5105,2.4847,1.8708,1.808,3.4658,2.9288,2.8744,2.1805,1.6279,1.5862
2023-01-07 18:00:00,80.0,360.0,10.0298,10.0,11.8255,5.0,13.0988,3.5,9.34,4.2,13.7806,3.8,12.5142,15.3667,14.9929,14.0939,56.9677,3.2285,2.6998,2.1302,2.2289,2.2268,3.3322,2.9829,2.3341,2.4141,2.499,1.8044,3.7701,3.0538,2.345,2.3168,1.7665,1.7407,3.426,2.7216,2.6165,2.1211,1.5929,1.6158
2023-01-07 19:00:00,72.2354,361.363,9.5743,10.0,10.0555,5.0,12.0844,3.5,12.858,4.2,14.3184,3.8,11.1963,13.6778,12.9828,12.2246,50.0815,2.8504,2.39,1.9827,2.0005,1.9727,3.0784,2.5949,2.0788,2.098,2.1992,1.6285,3.2431,2.6225,2.0701,2.0472,1.5252,1.4747,2.8123,2.3974,2.3416,1.8682,1.3943,1.4108
2023-01-07 20:00:00,65.0,365.359,9.9472,10.0,12.0016,5.0,16.7024,3.5,4.85,4.2,16.951,3.8,11.6897,14.3802,13.3015,12.6797,52.0511,2.9574,2.5279,1.9863,2.138,2.0801,3.3083,2.7235,2.1764,2.2742,2.2344,1.6634,3.3425,2.7159,2.1404,2.0469,1.525,1.5308,2.9582,2.4931,2.3422,1.933,1.4758,1.4774
2023-01-07 21:00:00,60.0,371.7157,9.3181,10.0,10.4957,5.0,18.6688,3.5,12.033,4.2,11.8533,3.8,11.7568,14.0612,12.8765,12.1704,50.8649,2.9719,2.4738,2.0934,2.0888,2.1289,3.1645,2.6494,2.2051,2.1993,2.2388,1.6041,3.2424,2.6774,2.0306,1.9947,1.4857,1.4457,2.7835,2.3049,2.3891,1.8377,1.3893,1.4659
2023-01-07 22:00:00,60.0,380.0,8.9476,10.0,13.8002,5.0,12.0529,3.5,12.3422,4.2,15.8186,3.8,12.312,14.2811,12.6783,12.4552,51.7266,3.1027,2.6413,2.1676,2.2161,2.1843,3.3305,2.7529,2.1767,2.1704,2.2265,1.6241,3.1608,2.5481,2.0588,1.9469,1.48,1.4837,2.8294,2.3682,2.399,1.8967,1.4685,1.4934
2023-01-07 23:00:00,60.0,389.6472,8.094,10.0,11.5559,5.0,15.9759,3.5,5.7032,4.2,13.422,3.8,12.6459,14.9082,13.0374,13.1729,53.7644,3.2043,2.7204,2.2336,2.2149,2.2727,3.4271,2.9429,2.305,2.3351,2.2116,1.6865,3.333,2.652,2.0631,2.0165,1.5125,1.4603,2.9905,2.5347,2.5577,1.9808,1.5517,1.5575
