run_id,hour,soc_mean_mwh
L1,0,308.0033862971055
L1,1,307.69685087935636
L1,2,307.4210488179308
L1,3,307.17597703949303
L1,4,306.9782184557473
L1,5,306.8277683353742
L1,6,306.72462194752705
L1,7,306.62259641967137
L1,8,306.5216916397211
L1,9,306.42190749560154
L1,10,306.2957606208857
L1,11,306.14325365184675
L1,12,305.9962477313176
L1,13,305.8832545249275
L1,14,305.8042706314051
L1,15,305.75929264981886
L1,16,305.6947918124271
L1,17,305.61077007151545
L1,18,305.50722937917413
L1,19,305.3584442460558
L1,20,305.1644191966045
L1,21,304.92515875481183
L1,22,304.6609525206003
L1,23,304.37180298854895
L1,24,304.0577126529878
L1,25,303.69215152047383
L1,26,303.2751247380868
L1,27,302.80663745239167
L1,28,302.2667515510158
L1,29,301.6554741738207
L1,30,300.97281245995407
L1,31,300.30141544093635
L1,32,299.6412819902981
L1,33,298.99449410668933
L1,34,298.39330860063586
L1,35,297.8377209119
L1,36,297.2958679738765
L1,37,296.67139274104204
L1,38,295.9643034756261
L1,39,295.1787740641707
L1,40,294.3600873354751
L1,41,293.5082466052709
L1,42,292.62325518895835
L1,43,291.74774454820476
L1,44,290.8817137349323
L1,45,290.0251618011585
L1,46,289.15926396091425
L1,47,288.2840211487902
L1,48,287.3994342992835
L1,49,286.5264026179714
L1,50,285.66492494933715
L1,51,284.8150001379793
L1,52,283.9202206526498
L1,53,282.9805909788158
L1,54,281.99611560149646
L1,55,280.98129146323976
L1,56,279.9361215989218
L1,57,278.85852591810817
L1,58,277.74202638746647
L1,59,276.5866268973816
L1,60,275.39233133784944
L1,61,274.21834793264304
L1,62,273.064674650547
L1,63,271.92714383541005
L1,64,270.84067925142256
L1,65,269.80527579196144
L1,66,268.8209283509141
L1,67,267.8348800105547
L1,68,266.84713094097316
L1,69,265.8576813122427
L1,70,264.92901807383873
L1,71,264.0611351471225
L1,72,263.2540264540629
L1,73,262.5310350468701
L1,74,261.89215251381563
L1,75,261.3373704440121
L1,76,260.8724308270632
L1,77,260.49732467872394
L1,78,260.2120430156472
L1,79,259.99911016558764
L1,80,259.8585188936638
L1,81,259.7902619657182
L1,82,259.75802505878033
L1,83,259.7618045708482
L1,84,259.80159690028
L1,85,259.8572249301485
L1,86,259.9286870768834
L1,87,260.0159817570732
L1,88,260.109134370917
L1,89,260.20814433262126
L1,90,260.3130110564514
L1,91,260.4546729459775
L1,92,260.6331263216831
L1,93,260.8483675044194
L1,94,261.04377659442133
L1,95,261.2193555748981
L1,96,261.3751064288607
L1,97,261.49838464801195
L1,98,261.5891934796151
L1,99,261.64753617060904
L1,100,261.71290061684914
L1,101,261.78528611615997
L1,102,261.86469196643617
L1,103,261.99962692748727
L1,104,262.1900854464022
L1,105,262.4360619708251
L1,106,262.7478513510752
L1,107,263.1254470058668
L1,108,263.5688423545727
L1,109,264.09235331043857
L1,110,264.6959718619038
L1,111,265.3796899982088
L1,112,266.0339597938317
L1,113,266.65878419360655
L1,114,267.25416614207296
L1,115,267.7932907084653
L1,116,268.27616351852197
L1,117,268.7027901974183
L1,118,269.07242687207486
L1,119,269.3850792414921
L1,120,269.6407530041004
L1,121,269.8584653572127
L1,122,270.03822009697
L1,123,270.18002101913356
L1,124,270.2525322240083
L1,125,270.2557606405659
L1,126,270.18971319708504
L1,127,270.07949524422673
L1,128,269.9251111990418
L1,129,269.7265654781396
L1,130,269.428954214347
L1,131,269.03228731421825
L1,132,268.536574683317
L1,133,268.01671360639665
L1,134,267.47270649830176
L1,135,266.9045557736354
L1,136,266.3176235702774
L1,137,265.7119117663755
L1,138,265.0874222398899
L1,139,264.4559845899079
L1,140,263.81759951124195
L1,141,263.17226769863487
L1,142,262.57177835791936
L1,143,262.01612700484816
L1,144,261.5053091556225
L1,145,260.9946484368078
L1,146,260.4841448326908
L1,147,259.9737983275602
L1,148,259.5101248997961
L1,149,259.0931198820909
L1,150,258.7227786076035
L1,151,258.2930624285838
L1,152,257.80397728252217
L1,153,257.2555291063154
L1,154,256.7344160851183
L1,155,256.24063548541557
L1,156,255.77418457396482
L1,157,255.2581515116182
L1,158,254.69254125659089
L1,159,254.07735876660212
L1,160,253.51051824979874
L1,161,252.99201487198354
L1,162,252.52184379944254
L1,163,252.06684497092212
L1,164,251.62701686919777
L1,165,251.2023579771969
L1,166,250.785023324867
L1,167,250.3750121797842
L2,0,293.8967587810473
L2,1,293.6124900972743
L2,2,293.38918539444126
L2,3,293.2268385761498
L2,4,293.1425133606525
L2,5,293.136201945789
L2,6,293.2078965301792
L2,7,293.3267729486552
L2,8,293.4928264830336
L2,9,293.7060524156029
L2,10,293.93181515164764
L2,11,294.1701134374874
L2,12,294.4209460195673
L2,13,294.70752352725907
L2,14,295.02984238607024
L2,15,295.3878990218657
L2,16,295.7298663180252
L2,17,296.05574588348304
L2,18,296.36553932701196
L2,19,296.63174882065863
L2,20,296.85140393211054
L2,21,297.000355252624
L2,22,297.10076139674743
L2,23,297.1526272189984
L2,24,297.1559575734093
L2,25,297.0810263571403
L2,26,296.9278413963482
L2,27,296.74024446264923
L2,28,296.4522761389594
L2,29,296.06394646241773
L2,30,295.57526546915943
L2,31,295.0552251341179
L2,32,294.5038285932271
L2,33,293.92316210711476
L2,34,293.35263437097024
L2,35,292.79224437091835
L2,36,292.2419910931857
L2,37,291.60904618966117
L2,38,290.89341792950734
L2,39,290.09928020619896
L2,40,289.26479180879437
L2,41,288.389956772361
L2,42,287.47477913156285
L2,43,286.56350813051006
L2,44,285.6561433785386
L2,45,284.75268448502374
L2,46,283.837154401372
L2,47,282.90955433470265
L2,48,281.9698854920138
L2,49,281.0417773257189
L2,50,280.1252286797503
L2,51,279.1764044519143
L2,52,278.1844372643565
L2,53,277.14933143137284
L2,54,276.071091266828
L2,55,274.9607397225013
L2,56,273.81828000953084
L2,57,272.64163221372655
L2,58,271.42254648265936
L2,59,270.16102706012276
L2,60,268.85707818948595
L2,61,267.56997861887453
L2,62,266.29972666335857
L2,63,265.0421550130376
L2,64,263.8393819960054
L2,65,262.69140213239837
L2,66,261.5982099429013
L2,67,260.5089048930029
L2,68,259.4234865939894
L2,69,258.3419546571856
L2,70,257.3222464689934
L2,71,256.36435584703776
L2,72,255.4682766095621
L2,73,254.65291990639122
L2,74,253.91827766527163
L2,75,253.2643418147571
L2,76,252.69685468385873
L2,77,252.2158076277047
L2,78,251.8211920022874
L2,79,251.49900629429834
L2,80,251.24924326074571
L2,81,251.0718956593622
L2,82,250.93064915906865
L2,83,250.8255001497551
L2,84,250.75644502167248
L2,85,250.7050084740952
L2,86,250.67118874516532
L2,87,250.65498407320086
L2,88,250.64464768482554
L2,89,250.640178993211
L2,90,250.64157741158755
L2,91,250.67807951818233
L2,92,250.74968180262653
L2,93,250.85638075490246
L2,94,250.9414864733439
L2,95,251.00500111727422
L2,96,251.04692684580084
L2,97,251.05809314633677
L2,98,251.0385030948249
L2,99,250.98815976690037
L2,100,250.94484906282392
L2,101,250.90857027933328
L2,102,250.87932271323612
L2,103,250.90391329894737
L2,104,250.9823366526516
L2,105,251.11458739107204
L2,106,251.31443435322137
L2,107,251.58187077947716
L2,108,251.91688991089313
L2,109,252.33033366278264
L2,110,252.82219419268347
L2,111,253.39246365891802
L2,112,253.93499795364576
L2,113,254.449799850384
L2,114,254.93687212237234
L2,115,255.3676276722395
L2,116,255.7420721316577
L2,117,256.0602111317359
L2,118,256.3230728006504
L2,119,256.5306626661344
L2,120,256.68298625536806
L2,121,256.79558677480014
L2,122,256.86846819673747
L2,123,256.90163449308983
L2,124,256.8654517646011
L2,125,256.75992694617366
L2,126,256.58506697201665
L2,127,256.3674640684879
L2,128,256.10712250988047
L2,129,255.8040465700598
L2,130,255.40007337403267
L2,131,254.89521301152476
L2,132,254.28947557125244
L2,133,253.6630745070735
L2,134,253.0160118853502
L2,135,252.34828977223833
L2,136,251.6741948766768
L2,137,250.99372783594376
L2,138,250.3068892872539
L2,139,249.61310884996985
L2,140,248.9123872182806
L2,141,248.2047250863055
L2,142,247.54020983494553
L2,143,246.9188371495126
L2,144,246.34060271575015
L2,145,245.76253215405697
L2,146,245.18462544804586
L2,147,244.6068825813312
L2,148,244.0758195316193
L2,149,243.59143163092827
L2,150,243.15371421174348
L2,151,242.6551417558731
L2,152,242.09572034882083
L2,153,241.47545607548187
L2,154,240.8826043097771
L2,155,240.3171623104559
L2,156,239.77912733654153
L2,157,239.1897453748144
L2,158,238.5490215599733
L2,159,237.85696102620352
L2,160,237.19914959001204
L2,161,236.57558382648918
L2,162,235.98626031106767
L2,163,235.413892950234
L2,164,234.86145483908024
L2,165,234.35309804886342
L2,166,233.87910825053365
L2,167,233.4394820073919
L3,0,290.53225522663
L3,1,290.3177037643434
L3,2,290.16486038270295
L3,3,290.0737189109007
L3,4,290.0613429927865
L3,5,290.12772475180486
L3,6,290.2728563121882
L3,7,290.465537898674
L3,8,290.7057647562597
L3,9,290.9935321304182
L3,10,291.29456505412224
L3,11,291.6088622008169
L3,12,291.93642224407984
L3,13,292.30009507592297
L3,14,292.6998770850674
L3,15,293.13576466059544
L3,16,293.55629131360797
L3,17,293.94689769680457
L3,18,294.2960599475098
L3,19,294.57449058534814
L3,20,294.78219668348106
L3,21,294.91918531436244
L3,22,295.00799062962284
L3,23,295.04861744759376
L3,24,295.0410705861249
L3,25,294.9661210966036
L3,26,294.8567308008676
L3,27,294.7129031429973
L3,28,294.46832418249437
L3,29,294.12300399448907
L3,30,293.6769526531041
L3,31,293.1998983714705
L3,32,292.6918442498825
L3,33,292.1548765133309
L3,34,291.62804315687214
L3,35,291.11134316706807
L3,36,290.60477553058223
L3,37,290.0154970285261
L3,38,289.3435159319862
L3,39,288.5930061363608
L3,40,287.80176576813227
L3,41,286.9697989003577
L3,42,286.09710960568725
L3,43,285.22832270192754
L3,44,284.3634377988395
L3,45,283.5024545062231
L3,46,282.6290202401955
L3,47,281.7431362458541
L3,48,280.8448037681718
L3,49,279.94715510712666
L3,50,279.0172351127621
L3,51,278.05504701221145
L3,52,277.0500779528263
L3,53,276.00233221270247
L3,54,274.91181406950795
L3,55,273.7888102386154
L3,56,272.6333239685933
L3,57,271.44327538267885
L3,58,270.21003913015187
L3,59,268.93361952977904
L3,60,267.6140208998952
L3,61,266.3105369347985
L3,62,265.0231660230224
L3,63,263.7477409281228
L3,64,262.5267555873564
L3,65,261.36020455674765
L3,66,260.24808239286557
L3,67,259.13984926157974
L3,68,258.0355047739868
L3,69,256.93504854122244
L3,70,255.89643282071347
L3,71,254.9196514284086
L3,72,254.00469818087504
L3,73,253.16974802604722
L3,74,252.4147929636159
L3,75,251.73982499407177
L3,76,251.15058651835574
L3,77,250.6470689635184
L3,78,250.22926375746763
L3,79,249.88390565901759
L3,80,249.61098742345732
L3,81,249.41050180680062
L3,82,249.2461344762498
L3,83,249.1178818199764
L3,84,249.02574022651288
L3,85,248.9515950579155
L3,86,248.8954445145419
L3,87,248.85728679692946
L3,88,248.82499955821055
L3,89,248.79858221133742
L3,90,248.77803416932088
L3,91,248.79223134566868
L3,92,248.84117026585898
L3,93,248.92484745571744
L3,94,248.9865581782034
L3,95,249.02630462996345
L3,96,249.04408900742476
L3,97,249.03147703553057
L3,98,248.9884717539157
L3,99,248.91507620191118
L3,100,248.84871557897725
L3,101,248.78938918162098
L3,102,248.73709630641983
L3,103,248.73828322305786
L3,104,248.79294458355582
L3,105,248.90107504046924
L3,106,249.077179668854
L3,107,249.32125167129283
L3,108,249.63328425104822
L3,109,250.0233830854324
L3,110,250.4915403678198
L3,111,251.03774829236565
L3,112,251.55658411605904
L3,113,252.04805057610986
L3,114,252.51215040945448
L3,115,252.91992094670746
L3,116,253.27136782079833
L3,117,253.56649666409345
L3,118,253.8067111417407
L3,119,253.99201674517644
L3,120,254.1224189652883
L3,121,254.21272477202112
L3,122,254.26293817501625
L3,123,254.2730631835141
L3,124,254.21382660008527
L3,125,254.08523536088902
L3,126,253.88729640139093
L3,127,253.64697748491977
L3,128,253.36428284947112
L3,129,253.039216732617
L3,130,252.61286515164556
L3,131,252.08523823510325
L3,132,251.4563461105235
L3,133,250.80752887771976
L3,134,250.13878852920277
L3,135,249.4501270572842
L3,136,248.75505606432463
L3,137,248.05357619127614
L3,138,247.3456880790268
L3,139,246.6308601831396
L3,140,245.90909319759305
L3,141,245.18038781629608
L3,142,244.49447075543912
L3,143,243.85133773619023
L3,144,243.2509844801453
L3,145,242.65079730805166
L3,146,242.05077620330107
L3,147,241.4509211492869
L3,148,240.89774812349404
L3,149,240.39125245771962
L3,150,239.93142948422786
L3,151,239.41037814889165
L3,152,238.82810457454727
L3,153,238.1846148834185
L3,154,237.56855489368004
L3,155,236.97992186236175
L3,156,236.41871304676786
L3,157,235.80578402503104
L3,158,235.1411399691719
L3,159,234.42478605069377
L3,160,233.74236182715973
L3,161,233.10842478899278
L3,162,232.53449694217701
L3,163,232.00540363670038
L3,164,231.5211403891087
L3,165,231.08170271639625
L3,166,230.67700067937332
L3,167,230.3070308044766
L3plus,0,290.5322552265409
L3plus,1,290.31770376425624
L3plus,2,290.16486038261786
L3plus,3,290.07371891081766
L3plus,4,290.0613429927055
L3plus,5,290.12772475172585
L3plus,6,290.2728563121111
L3plus,7,290.465537898599
L3plus,8,290.7057647561867
L3plus,9,290.99353213034726
L3plus,10,291.2945650540534
L3plus,11,291.6088622007501
L3plus,12,291.93642224401515
L3plus,13,292.30009507586016
L3plus,14,292.69987708500645
L3plus,15,293.13576466053615
L3plus,16,293.55629131355045
L3plus,17,293.9468976967468
L3plus,18,294.29605994745174
L3plus,19,294.5744905852898
L3plus,20,294.7821966834224
L3plus,21,294.9191853143036
L3plus,22,295.00799062956355
L3plus,23,295.04861744753424
L3plus,24,295.0410705860651
L3plus,25,294.96612109654455
L3plus,26,294.8567308008092
L3plus,27,294.7129031429395
L3plus,28,294.4683241824371
L3plus,29,294.1230039944322
L3plus,30,293.6769526530475
L3plus,31,293.19989837141424
L3plus,32,292.69184424982654
L3plus,33,292.1548765132752
L3plus,34,291.6280431568168
L3plus,35,291.11134316701305
L3plus,36,290.60477553052755
L3plus,37,290.0154970284718
L3plus,38,289.34351593193236
L3plus,39,288.59300613630757
L3plus,40,287.8017657680796
L3plus,41,286.96979890030576
L3plus,42,286.09710960563575
L3plus,43,285.22832270187666
L3plus,44,284.3634377987892
L3plus,45,283.50245450617336
L3plus,46,282.62902024014636
L3plus,47,281.74313624580566
L3plus,48,280.84480376812394
L3plus,49,279.94715510707823
L3plus,50,279.01723511271325
L3plus,51,278.0550470121624
L3plus,52,277.0500779527771
L3plus,53,276.0023322126532
L3plus,54,274.91181406945867
L3plus,55,273.7888102385661
L3plus,56,272.633323968544
L3plus,57,271.4432753826296
L3plus,58,270.21003913010264
L3plus,59,268.93361952972987
L3plus,60,267.6140208998461
L3plus,61,266.3105369347493
L3plus,62,265.02316602297293
L3plus,63,263.7477409280731
L3plus,64,262.52675558730624
L3plus,65,261.360204556697
L3plus,66,260.2480823928143
L3plus,67,259.1398492615279
L3plus,68,258.0355047739343
L3plus,69,256.93504854116946
L3plus,70,255.89643282065992
L3plus,71,254.9196514283543
L3plus,72,254.00469818082016
L3plus,73,253.1697480259916
L3plus,74,252.4147929635595
L3plus,75,251.73982499401453
L3plus,76,251.15058651829764
L3plus,77,250.64706896345945
L3plus,78,250.22926375740786
L3plus,79,249.88390565895673
L3plus,80,249.61098742339533
L3plus,81,249.41050180673744
L3plus,82,249.24613447618538
L3plus,83,249.11788181991065
L3plus,84,249.0257402264457
L3plus,85,248.951595057847
L3plus,86,248.89544451447208
L3plus,87,248.85728679685846
L3plus,88,248.82499955813853
L3plus,89,248.7985822112644
L3plus,90,248.77803416924684
L3plus,91,248.79223134559365
L3plus,92,248.84117026578295
L3plus,93,248.92484745564013
L3plus,94,248.9865581781248
L3plus,95,249.02630462988373
L3plus,96,249.0440890073439
L3plus,97,249.0314770354486
L3plus,98,248.98847175383273
L3plus,99,248.91507620182725
L3plus,100,248.84871557889235
L3plus,101,248.78938918153506
L3plus,102,248.7370963063328
L3plus,103,248.73828322296959
L3plus,104,248.79294458346638
L3plus,105,248.90107504037874
L3plus,106,249.0771796687624
L3plus,107,249.32125167120023
L3plus,108,249.63328425095474
L3plus,109,250.02338308533794
L3plus,110,250.49154036772427
L3plus,111,251.03774829226893
L3plus,112,251.55658411596107
L3plus,113,252.04805057601072
L3plus,114,252.5121504093543
L3plus,115,252.9199209466062
L3plus,116,253.27136782069607
L3plus,117,253.5664966639903
L3plus,118,253.80671114163664
L3plus,119,253.9920167450715
L3plus,120,254.12241896518248
L3plus,121,254.2127247719143
L3plus,122,254.2629381749084
L3plus,123,254.27306318340501
L3plus,124,254.21382659997502
L3plus,125,254.0852353607776
L3plus,126,253.88729640127835
L3plus,127,253.64697748480597
L3plus,128,253.3642828493562
L3plus,129,253.0392167325009
L3plus,130,252.6128651515283
L3plus,131,252.08523823498479
L3plus,132,251.45634611040384
L3plus,133,250.80752887759888
L3plus,134,250.1387885290808
L3plus,135,249.45012705716115
L3plus,136,248.7550560642003
L3plus,137,248.05357619115063
L3plus,138,247.34568807890005
L3plus,139,246.6308601830118
L3plus,140,245.90909319746405
L3plus,141,245.18038781616588
L3plus,142,244.49447075530782
L3plus,143,243.85133773605776
L3plus,144,243.25098448001168
L3plus,145,242.65079730791706
L3plus,146,242.0507762031655
L3plus,147,241.45092114915042
L3plus,148,240.89774812335676
L3plus,149,240.3912524575817
L3plus,150,239.93142948408928
L3plus,151,239.41037814875264
L3plus,152,238.8281045744078
L3plus,153,238.18461488327875
L3plus,154,237.56855489353998
L3plus,155,236.97992186222143
L3plus,156,236.4187130466273
L3plus,157,235.80578402489033
L3plus,158,235.14113996903103
L3plus,159,234.42478605055294
L3plus,160,233.74236182701893
L3plus,161,233.108424788854
L3plus,162,232.53449694204028
L3plus,163,232.0054036365656
L3plus,164,231.52114038897597
L3plus,165,231.08170271626554
L3plus,166,230.67700067924474
L3plus,167,230.30703080434998
