,0
Gewicht SEC2,0.7262950318321044
Gewicht SEC3,1.093257545944856
Gewicht SEC4,0.8934972725795042
Gewicht Süd,1.2644926404827144
Gewicht Ost,1.8037980350289218
Gewicht L1,0.9840575599832876
Grundlast SEC3 [kg/s],40.96590979292041
Grundlast SEC4 [kg/s],-11.049456767212233
Grundlast Süd [kg/s],-17.763936309874
Grundlast Ost [kg/s],-30.881128452024484
Grundlast L1 [kg/s],9.041085192686532
Versatz V22 [bar],-0.1903737110943274
Versatz V11 [bar],-0.13909473899244343
Versatz V08 [bar],0.04031428529273018
Versatz V18 [bar],0.1689941637510661
Versatz V07 [bar],-0.12626564805116494
Versatz V15 [bar],-0.06750497752656176
Versatz V19 [bar],0.26209978250195404
Versatz V03 [bar],-0.11882727322791584
Versatz V10 [bar],-0.11315549433026412
Versatz V24 [bar],-0.06543158908431058
Versatz V12 [bar],-0.3875191509821856
Versatz V23 [bar],-0.11168020677217251
Versatz V06 [bar],-0.8066372183848707
